"TXN_ID","SRC_ACCT_ID","DST_ACCT_ID","DESCRIPTION","AMOUNT"
2015,684,552,"transfer",1490
2016,684,365,"transfer",7137
2017,685,91,"transfer",4419
2018,685,734,"transfer",5946
2019,685,578,"transfer",6035
2020,685,35,"transfer",6766
2021,685,458,"transfer",2657
2022,686,181,"transfer",1247
2023,686,222,"transfer",3739
2024,686,534,"transfer",8048
2025,686,660,"transfer",1605
2026,686,138,"transfer",7061
2027,687,145,"transfer",2822
2028,687,258,"transfer",6657
2029,687,903,"transfer",2111
2030,687,296,"transfer",1712
2031,687,177,"transfer",9677
2032,688,743,"transfer",6130
2033,688,717,"transfer",3709
2034,688,577,"transfer",9160
2035,688,876,"transfer",3313
2036,688,420,"transfer",2813
2037,689,603,"transfer",2284
2038,689,222,"transfer",7739
2039,689,78,"transfer",1614
2040,689,669,"transfer",8201
2041,689,458,"transfer",6060
2042,690,918,"transfer",9536
2043,690,68,"transfer",3375
2044,690,135,"transfer",6382
2045,690,752,"transfer",2137
2046,690,335,"transfer",4444
2047,691,621,"transfer",6757
2048,691,502,"transfer",5405
2049,691,140,"transfer",7034
2050,691,495,"transfer",6649
2051,691,181,"transfer",7134
2052,692,743,"transfer",2669
2053,692,403,"transfer",3857
2054,692,40,"transfer",8823
2055,692,478,"transfer",8390
2056,692,289,"transfer",9012
2057,693,511,"transfer",7404
2058,693,982,"transfer",6697
2059,693,796,"transfer",6022
2060,693,948,"transfer",3320
2061,693,578,"transfer",5542
2062,694,524,"transfer",3610
2063,694,830,"transfer",1952
2064,694,27,"transfer",1241
2065,694,534,"transfer",2052
2066,694,118,"transfer",2352
2067,695,6,"transfer",8230
2068,695,818,"transfer",3200
2069,695,620,"transfer",1279
2070,695,284,"transfer",4572
2071,695,744,"transfer",9970
2072,696,561,"transfer",2766
2073,696,318,"transfer",2769
2074,696,351,"transfer",3702
2075,696,60,"transfer",9910
2076,696,216,"transfer",9668
2077,697,255,"transfer",4842
2078,697,787,"transfer",2418
2079,697,579,"transfer",8710
2080,697,974,"transfer",4370
2081,697,249,"transfer",7395
2082,698,68,"transfer",4893
2083,698,135,"transfer",9273
2084,698,404,"transfer",9249
2085,698,932,"transfer",8509
2086,698,317,"transfer",4669
2087,699,642,"transfer",9908
2088,699,152,"transfer",4602
2089,699,501,"transfer",7185
2090,699,29,"transfer",7651
2091,699,978,"transfer",2603
2092,700,547,"transfer",4102
2093,700,674,"transfer",1862
2094,700,259,"transfer",2939
2095,700,809,"transfer",6004
2096,700,607,"transfer",1666
2097,701,673,"transfer",5984
2098,701,421,"transfer",1468
2099,701,706,"transfer",2888
2100,701,975,"transfer",9247
2101,701,104,"transfer",8834
2102,702,222,"transfer",2660
2103,702,981,"transfer",9235
2104,702,155,"transfer",7694
2105,702,310,"transfer",1947
2106,702,960,"transfer",2015
2107,703,359,"transfer",6269
2108,703,58,"transfer",2970
2109,703,969,"transfer",7748
2110,703,890,"transfer",7532
2111,703,646,"transfer",2006
2112,704,387,"transfer",6825
2113,704,875,"transfer",3705
2114,704,235,"transfer",7859
2115,704,140,"transfer",6069
2116,704,258,"transfer",8444
2117,705,264,"transfer",8119
2118,705,19,"transfer",7677
2119,705,602,"transfer",2071
2120,705,429,"transfer",2821
2121,705,491,"transfer",9940
2122,706,681,"transfer",2312
2123,706,480,"transfer",4908
2124,706,298,"transfer",7096
2125,706,584,"transfer",6484
2126,706,317,"transfer",6127
2127,707,620,"transfer",3968
2128,707,385,"transfer",4603
2129,707,871,"transfer",1409
2130,707,761,"transfer",4952
2131,707,261,"transfer",4032
2132,708,662,"transfer",1292
2133,708,462,"transfer",5386
2134,708,70,"transfer",7463
2135,708,403,"transfer",9518
2136,708,510,"transfer",6848
2137,709,249,"transfer",1838
2138,709,258,"transfer",6767
2139,709,406,"transfer",8947
2140,709,590,"transfer",3795
2141,709,177,"transfer",2961
2142,710,134,"transfer",7973
2143,710,127,"transfer",4811
2144,710,238,"transfer",7396
2145,710,751,"transfer",5723
2146,710,88,"transfer",9442
2147,711,521,"transfer",6159
2148,711,340,"transfer",1055
2149,711,13,"transfer",5774
2150,711,499,"transfer",8244
2151,711,716,"transfer",8246
2152,712,71,"transfer",7203
2153,712,208,"transfer",4213
2154,712,332,"transfer",5995
2155,712,618,"transfer",6608
2156,712,862,"transfer",2546
2157,713,523,"transfer",4200
2158,713,676,"transfer",5691
2159,713,524,"transfer",1497
2160,713,518,"transfer",5732
2161,713,499,"transfer",6532
2162,714,131,"transfer",9698
2163,714,813,"transfer",6186
2164,714,9,"transfer",7428
2165,714,831,"transfer",2376
2166,714,403,"transfer",9624
2167,715,291,"transfer",9709
2168,715,149,"transfer",6859
2169,715,373,"transfer",8642
2170,715,448,"transfer",9321
2171,715,448,"transfer",2398
2172,716,165,"transfer",1519
2173,716,608,"transfer",6738
2174,716,850,"transfer",2689
2175,716,210,"transfer",3511
2176,716,532,"transfer",5970
2177,717,597,"transfer",7829
2178,717,480,"transfer",7129
2179,717,463,"transfer",5019
2180,717,463,"transfer",8480
2181,717,624,"transfer",6231
2182,718,860,"transfer",4259
2183,718,747,"transfer",8311
2184,718,957,"transfer",1044
2185,718,317,"transfer",3017
2186,718,795,"transfer",2304
2187,719,746,"transfer",6298
2188,719,662,"transfer",5344
2189,719,216,"transfer",5630
2190,719,697,"transfer",1592
2191,719,57,"transfer",1090
2192,720,892,"transfer",6663
2193,720,875,"transfer",3217
2194,720,304,"transfer",2747
2195,720,222,"transfer",4334
2196,720,579,"transfer",4251
2197,721,471,"transfer",5740
2198,721,259,"transfer",6695
2199,721,561,"transfer",7109
2200,721,778,"transfer",3280
2201,721,992,"transfer",2913
2202,722,94,"transfer",7112
2203,722,779,"transfer",6517
2204,722,258,"transfer",8510
2205,722,804,"transfer",2990
2206,722,509,"transfer",4695
2207,723,71,"transfer",9907
2208,723,752,"transfer",9097
2209,723,348,"transfer",6774
2210,723,334,"transfer",8640
2211,723,448,"transfer",9816
2212,724,921,"transfer",1707
2213,724,327,"transfer",3182
2214,724,230,"transfer",2033
2215,724,673,"transfer",2018
2216,724,861,"transfer",5532
2217,725,867,"transfer",9915
2218,725,292,"transfer",7354
2219,725,118,"transfer",5708
2220,725,504,"transfer",3130
2221,725,694,"transfer",1716
2222,726,724,"transfer",6335
2223,726,362,"transfer",6072
2224,726,569,"transfer",9384
2225,726,633,"transfer",7807
2226,726,383,"transfer",2800
2227,727,406,"transfer",4509
2228,727,27,"transfer",1776
2229,727,241,"transfer",5980
2230,727,774,"transfer",3000
2231,727,904,"transfer",6925
2232,728,626,"transfer",8586
2233,728,561,"transfer",3518
2234,728,45,"transfer",9617
2235,728,380,"transfer",8087
2236,728,690,"transfer",1550
2237,729,662,"transfer",1329
2238,729,422,"transfer",7026
2239,729,241,"transfer",1433
2240,729,306,"transfer",6152
2241,729,123,"transfer",8172
2242,730,49,"transfer",8990
2243,730,112,"transfer",4904
2244,730,523,"transfer",7582
2245,730,187,"transfer",6891
2246,730,558,"transfer",4562
2247,731,642,"transfer",2031
2248,731,778,"transfer",2994
2249,731,719,"transfer",6314
2250,731,924,"transfer",1876
2251,731,638,"transfer",6121
2252,732,634,"transfer",6318
2253,732,713,"transfer",9857
2255,732,673,"transfer",3678
2256,732,380,"transfer",1019
2257,733,441,"transfer",5312
2258,733,406,"transfer",4513
2259,733,436,"transfer",8144
2260,733,226,"transfer",3309
2261,733,289,"transfer",9435
2262,734,801,"transfer",5833
2263,734,293,"transfer",4671
2264,734,347,"transfer",2278
2265,734,227,"transfer",1375
2266,734,149,"transfer",9203
2267,735,4,"transfer",4141
2268,735,755,"transfer",8371
2269,735,366,"transfer",3786
2270,735,333,"transfer",2313
2271,735,662,"transfer",6342
2272,736,724,"transfer",8479
2273,736,844,"transfer",2185
2274,736,672,"transfer",7859
2275,736,166,"transfer",9098
2276,736,749,"transfer",8816
2277,737,155,"transfer",7372
2278,737,146,"transfer",1027
2279,737,711,"transfer",8230
2280,737,418,"transfer",8560
2281,737,335,"transfer",4778
2282,738,294,"transfer",4989
2283,738,690,"transfer",2649
2284,738,139,"transfer",9310
2285,738,339,"transfer",1417
2286,738,415,"transfer",8942
2287,739,220,"transfer",1209
2288,739,258,"transfer",7682
2289,739,175,"transfer",1710
2290,739,62,"transfer",3569
2291,739,608,"transfer",7070
2292,740,851,"transfer",9169
2293,740,171,"transfer",5909
2294,740,959,"transfer",9915
2295,740,612,"transfer",5518
2296,740,195,"transfer",9698
2297,741,746,"transfer",9180
2298,741,716,"transfer",7501
2299,741,136,"transfer",8089
2300,741,865,"transfer",3615
2301,741,149,"transfer",2343
2302,742,724,"transfer",5705
2303,742,578,"transfer",6249
2304,742,561,"transfer",5190
2305,742,513,"transfer",5270
2306,742,458,"transfer",1123
2307,402,330,"transfer",2098
2308,402,118,"transfer",3588
2309,402,634,"transfer",4430
2310,402,473,"transfer",6177
2311,402,493,"transfer",7410
2312,403,759,"transfer",5646
2313,403,135,"transfer",2473
2314,403,381,"transfer",3323
2315,403,263,"transfer",8362
2316,403,644,"transfer",2671
2317,404,171,"transfer",7227
2318,404,480,"transfer",6238
2319,404,25,"transfer",7412
2320,404,133,"transfer",9603
2321,404,562,"transfer",7190
2322,405,250,"transfer",9906
2323,405,185,"transfer",6643
2324,405,784,"transfer",7757
2325,405,141,"transfer",5681
2326,405,746,"transfer",2555
2327,406,352,"transfer",4396
2328,406,884,"transfer",1762
2329,406,397,"transfer",7884
2330,406,66,"transfer",4771
2331,406,674,"transfer",4942
2332,407,754,"transfer",5789
2333,407,397,"transfer",3740
2334,407,589,"transfer",3215
2335,407,714,"transfer",4806
2336,407,153,"transfer",7597
2337,408,153,"transfer",4845
2338,408,380,"transfer",9330
2339,408,900,"transfer",4458
2340,408,904,"transfer",1950
2341,408,759,"transfer",9224
2342,409,140,"transfer",1924
2343,409,123,"transfer",8250
2344,409,144,"transfer",6904
2345,409,145,"transfer",2496
2346,409,31,"transfer",5089
2347,410,528,"transfer",5234
2348,410,920,"transfer",5930
2349,410,664,"transfer",6747
2350,410,531,"transfer",7717
2351,410,751,"transfer",4833
2352,411,29,"transfer",4098
2353,411,607,"transfer",1332
2354,411,179,"transfer",3700
2355,411,59,"transfer",2001
2356,411,566,"transfer",6112
2357,412,884,"transfer",9798
2358,412,13,"transfer",9875
2359,412,131,"transfer",4842
2360,412,231,"transfer",8764
2361,412,404,"transfer",6918
2362,413,837,"transfer",5144
2363,413,975,"transfer",9482
2364,413,870,"transfer",4885
2365,413,269,"transfer",8060
2366,413,606,"transfer",5294
2367,414,184,"transfer",4509
2368,414,942,"transfer",8812
2369,414,104,"transfer",6307
2370,414,236,"transfer",9491
2371,414,411,"transfer",7896
2372,415,693,"transfer",6759
2373,415,975,"transfer",4548
2374,415,394,"transfer",6352
2375,415,314,"transfer",8821
2376,415,284,"transfer",8183
2377,416,595,"transfer",6745
2378,416,129,"transfer",5180
2379,416,635,"transfer",2703
2380,416,634,"transfer",3295
2381,416,443,"transfer",2663
2382,417,978,"transfer",1849
2383,417,274,"transfer",6199
2384,417,836,"transfer",9491
2385,417,590,"transfer",6441
2386,417,188,"transfer",3943
2387,418,646,"transfer",5902
2388,418,207,"transfer",1314
2389,418,380,"transfer",5125
2390,418,261,"transfer",2137
2391,418,270,"transfer",7981
2392,419,340,"transfer",4860
2393,419,76,"transfer",8897
2394,419,821,"transfer",6377
2395,419,920,"transfer",6600
2396,419,919,"transfer",6122
2397,420,625,"transfer",2477
2398,420,305,"transfer",5617
2399,420,245,"transfer",9600
2400,420,532,"transfer",7884
2401,420,204,"transfer",2824
2402,421,738,"transfer",5405
2403,421,644,"transfer",4918
2404,421,737,"transfer",5500
2405,421,627,"transfer",2948
2406,421,131,"transfer",9042
2407,422,77,"transfer",8583
2408,422,937,"transfer",1676
2409,422,872,"transfer",3836
2410,422,884,"transfer",5493
2411,422,649,"transfer",9903
2412,423,609,"transfer",1979
2413,423,387,"transfer",9805
2414,423,230,"transfer",5433
2415,423,942,"transfer",7208
2416,423,842,"transfer",1568
2417,424,188,"transfer",9436
2418,424,210,"transfer",3217
2419,424,310,"transfer",3643
2420,424,417,"transfer",9638
2421,424,931,"transfer",9695
2422,425,352,"transfer",6328
2423,425,123,"transfer",7121
2424,425,975,"transfer",4964
2425,425,479,"transfer",2885
2426,425,385,"transfer",5831
2427,426,168,"transfer",2978
2428,426,648,"transfer",9007
2429,426,561,"transfer",4439
2430,426,242,"transfer",6488
2431,426,10,"transfer",6115
2432,427,518,"transfer",4623
2433,427,805,"transfer",4460
2434,427,236,"transfer",2342
2435,427,163,"transfer",4348
2436,427,460,"transfer",6340
2437,428,109,"transfer",1144
2438,428,248,"transfer",5822
2439,428,463,"transfer",5399
2440,428,53,"transfer",1337
2441,428,222,"transfer",4536
2442,429,665,"transfer",5127
2443,429,3,"transfer",4311
2444,429,493,"transfer",4646
2445,429,672,"transfer",8014
2446,429,166,"transfer",9450
2447,430,448,"transfer",7000
2448,430,387,"transfer",9529
2449,430,746,"transfer",9010
2450,430,746,"transfer",9256
2451,430,156,"transfer",1887
2452,431,169,"transfer",1940
2453,431,565,"transfer",8029
2454,431,791,"transfer",7387
2455,431,37,"transfer",7598
2456,431,871,"transfer",4878
2457,432,745,"transfer",8854
2458,432,589,"transfer",8704
2459,432,523,"transfer",1984
2460,432,49,"transfer",2607
2461,432,875,"transfer",9626
2462,433,99,"transfer",7708
2463,433,138,"transfer",6996
2464,433,593,"transfer",8340
2465,433,659,"transfer",9356
2466,433,642,"transfer",4407
2467,434,610,"transfer",5564
2468,434,597,"transfer",9487
2469,434,469,"transfer",3257
2470,434,411,"transfer",7233
2471,434,836,"transfer",1649
2472,435,301,"transfer",4767
2473,435,802,"transfer",6299
2474,435,365,"transfer",4416
2475,435,962,"transfer",4446
2476,435,96,"transfer",5041
2477,436,124,"transfer",2843
2478,436,495,"transfer",5666
2479,436,131,"transfer",8061
2480,436,330,"transfer",2418
2481,436,46,"transfer",5823
2482,437,76,"transfer",9190
2483,437,264,"transfer",8259
2484,437,366,"transfer",6542
2485,437,494,"transfer",9791
2486,437,600,"transfer",5080
2487,438,984,"transfer",4625
2488,438,380,"transfer",8529
2489,438,916,"transfer",2861
2490,438,342,"transfer",2723
2491,438,514,"transfer",9877
2492,439,301,"transfer",2834
2493,439,286,"transfer",4053
2494,439,510,"transfer",9895
2495,439,279,"transfer",9617
2496,439,781,"transfer",7112
2497,440,306,"transfer",9472
2498,440,535,"transfer",6655
2499,440,359,"transfer",5446
2500,440,865,"transfer",8444
2501,440,716,"transfer",5493
2502,441,981,"transfer",4218
2503,441,623,"transfer",4372
2504,441,921,"transfer",2062
2505,441,748,"transfer",7944
2506,441,273,"transfer",4344
2507,442,614,"transfer",9299
2508,442,202,"transfer",4648
2509,442,282,"transfer",3453
2510,442,231,"transfer",7432
2511,442,884,"transfer",6340
2512,443,335,"transfer",8041
2513,443,745,"transfer",8886
2514,443,458,"transfer",8579
2515,443,640,"transfer",5768
2516,443,992,"transfer",3351
2517,444,552,"transfer",1243
2518,444,185,"transfer",1172
2519,444,797,"transfer",6218
2520,444,830,"transfer",8511
2521,444,848,"transfer",5917
2522,445,404,"transfer",4620
2523,445,265,"transfer",8342
2524,445,334,"transfer",4221
2525,445,919,"transfer",7484
2526,445,10,"transfer",4943
2527,446,284,"transfer",4016
2528,446,24,"transfer",6652
2529,446,936,"transfer",8947
2530,446,27,"transfer",6079
2532,447,297,"transfer",3137
2533,447,205,"transfer",8325
2534,447,749,"transfer",1009
2535,447,837,"transfer",6643
2536,447,104,"transfer",3747
2538,448,570,"transfer",2955
2539,448,296,"transfer",2311
2540,448,406,"transfer",1141
2541,448,250,"transfer",6129
2542,449,308,"transfer",6381
2543,449,519,"transfer",7109
2544,449,29,"transfer",4248
2545,449,352,"transfer",5046
2546,449,461,"transfer",7243
2547,450,728,"transfer",7639
2548,450,193,"transfer",4708
2549,450,721,"transfer",9080
2550,450,662,"transfer",2007
2551,450,690,"transfer",9951
2552,451,109,"transfer",9079
2553,451,646,"transfer",9359
2554,451,221,"transfer",6150
2555,451,321,"transfer",8476
2556,451,178,"transfer",6561
2557,452,920,"transfer",9100
2558,452,258,"transfer",6049
2559,452,644,"transfer",3756
2560,452,787,"transfer",5054
2561,452,853,"transfer",4082
2562,453,565,"transfer",5038
2563,453,535,"transfer",4167
2564,453,666,"transfer",9669
2565,453,807,"transfer",4657
2566,453,534,"transfer",5866
2567,454,130,"transfer",5417
2568,454,299,"transfer",5161
2569,454,751,"transfer",7085
2570,454,268,"transfer",2987
2571,454,481,"transfer",9604
2572,455,258,"transfer",4252
2573,455,418,"transfer",9992
2574,455,181,"transfer",2713
2575,455,801,"transfer",9055
2576,455,403,"transfer",2013
2577,456,207,"transfer",1633
2578,456,222,"transfer",3868
2579,456,904,"transfer",8308
2580,456,348,"transfer",9364
2581,456,756,"transfer",9628
2582,457,123,"transfer",9127
2583,457,326,"transfer",3430
2584,457,672,"transfer",6810
2585,457,62,"transfer",1604
2586,457,597,"transfer",8048
2587,458,710,"transfer",9942
2588,458,878,"transfer",9728
2589,458,609,"transfer",1022
2590,458,549,"transfer",8167
2591,458,929,"transfer",4897
2592,459,823,"transfer",4900
2593,459,550,"transfer",7597
2594,459,646,"transfer",3096
2595,459,718,"transfer",5519
2596,459,272,"transfer",6370
2597,460,91,"transfer",2507
2598,460,746,"transfer",1629
2599,460,761,"transfer",9694
2600,460,99,"transfer",1464
2601,460,830,"transfer",9641
2602,461,50,"transfer",8197
2603,461,299,"transfer",5681
2604,461,892,"transfer",5835
2605,461,301,"transfer",5843
2606,461,479,"transfer",9991
2607,462,254,"transfer",1044
2608,462,501,"transfer",1445
2609,462,955,"transfer",7673
2610,462,681,"transfer",4543
2611,462,134,"transfer",8911
2612,463,299,"transfer",7323
2613,463,778,"transfer",9792
2614,463,918,"transfer",9435
2615,463,287,"transfer",7669
2616,463,71,"transfer",6679
2617,464,719,"transfer",8984
2618,464,795,"transfer",1019
2619,464,332,"transfer",4815
2620,464,330,"transfer",2740
2621,464,48,"transfer",6112
2622,465,579,"transfer",9564
2623,465,396,"transfer",2090
2624,465,867,"transfer",1690
2625,465,211,"transfer",6314
2626,465,448,"transfer",5589
2627,466,666,"transfer",5876
2628,466,536,"transfer",4353
2629,466,192,"transfer",5583
2630,466,817,"transfer",8059
2631,466,24,"transfer",8009
2632,467,813,"transfer",8983
2633,467,259,"transfer",1717
2634,467,881,"transfer",4379
2635,467,794,"transfer",8346
2636,467,871,"transfer",7891
2637,468,707,"transfer",2851
2638,468,187,"transfer",8144
2639,468,264,"transfer",3276
2640,468,373,"transfer",5231
2641,468,129,"transfer",3643
2642,469,727,"transfer",8983
2643,469,877,"transfer",3827
2644,469,674,"transfer",8330
2645,469,699,"transfer",6429
2646,469,314,"transfer",8431
2647,470,233,"transfer",9788
2648,470,123,"transfer",5380
2649,470,192,"transfer",2656
2650,470,806,"transfer",1127
2651,470,579,"transfer",8665
2652,471,225,"transfer",9644
2653,471,979,"transfer",3591
2654,471,665,"transfer",7111
2655,471,843,"transfer",1918
2656,471,478,"transfer",3931
2657,472,443,"transfer",2860
2658,472,891,"transfer",6782
2659,472,258,"transfer",1924
2660,472,259,"transfer",7298
2661,472,601,"transfer",4059
2662,473,261,"transfer",4334
2663,473,406,"transfer",3379
2664,473,825,"transfer",9673
2665,473,589,"transfer",3019
2666,473,343,"transfer",8115
2667,474,536,"transfer",4468
2668,474,819,"transfer",4949
2669,474,54,"transfer",8017
2670,474,746,"transfer",9477
2671,474,795,"transfer",8774
2672,475,502,"transfer",4581
2673,475,348,"transfer",3311
2674,475,181,"transfer",3641
2675,475,101,"transfer",6077
2676,475,746,"transfer",5148
2677,476,920,"transfer",6230
2678,476,920,"transfer",2958
2679,476,569,"transfer",7697
2680,476,439,"transfer",2113
2681,476,348,"transfer",8381
2682,477,342,"transfer",2821
2683,477,423,"transfer",1645
2684,477,70,"transfer",4187
2685,477,388,"transfer",8945
2686,477,524,"transfer",8653
2687,478,514,"transfer",1388
2688,478,578,"transfer",2426
2689,478,942,"transfer",5448
2690,478,374,"transfer",1160
2691,478,473,"transfer",1614
2692,479,525,"transfer",3520
2693,479,793,"transfer",8796
2694,479,293,"transfer",3586
2695,479,165,"transfer",1284
2696,479,672,"transfer",5332
2697,480,49,"transfer",4285
2698,480,130,"transfer",6777
2699,480,569,"transfer",3178
2700,480,284,"transfer",5916
2701,480,317,"transfer",3737
2702,481,879,"transfer",2770
2703,481,25,"transfer",6443
2704,481,681,"transfer",2221
2705,481,929,"transfer",8303
2706,481,255,"transfer",6326
2707,482,384,"transfer",3255
2708,482,728,"transfer",3540
2709,482,561,"transfer",1737
2710,482,957,"transfer",7554
2711,482,707,"transfer",6922
2712,483,460,"transfer",2349
2713,483,301,"transfer",5593
2714,483,674,"transfer",8089
2715,483,161,"transfer",6433
2716,483,737,"transfer",8810
2717,484,584,"transfer",6867
2718,484,27,"transfer",9768
2719,484,127,"transfer",6487
2720,484,934,"transfer",3266
2721,484,583,"transfer",1249
2722,485,380,"transfer",2521
2723,485,310,"transfer",5167
2724,485,801,"transfer",2782
2725,485,815,"transfer",1068
2726,485,764,"transfer",3473
2727,486,565,"transfer",3717
2728,486,625,"transfer",8920
2729,486,313,"transfer",5769
2730,486,223,"transfer",1119
2731,486,874,"transfer",5853
2732,487,514,"transfer",7146
2733,487,934,"transfer",1640
2734,487,49,"transfer",9166
2735,487,413,"transfer",1964
2736,487,529,"transfer",6103
2737,488,656,"transfer",5537
2738,488,28,"transfer",2342
2739,488,876,"transfer",4332
2740,488,968,"transfer",5476
2741,488,746,"transfer",8889
2742,489,78,"transfer",8666
2743,489,551,"transfer",3244
2744,489,255,"transfer",9016
2745,489,256,"transfer",2363
2746,489,601,"transfer",2677
2747,490,95,"transfer",4892
2748,490,71,"transfer",3892
2749,490,644,"transfer",2133
2750,490,350,"transfer",3818
2751,490,340,"transfer",6978
2752,491,740,"transfer",4526
2753,491,606,"transfer",6744
2754,491,114,"transfer",7190
2755,491,202,"transfer",8911
2756,491,221,"transfer",1298
2757,492,284,"transfer",1078
2758,492,131,"transfer",7863
2759,492,285,"transfer",8973
2760,492,31,"transfer",3991
2761,492,716,"transfer",3663
2762,493,840,"transfer",2993
2763,493,60,"transfer",8748
2764,493,294,"transfer",1517
2765,493,135,"transfer",9273
2766,493,348,"transfer",6930
2767,494,228,"transfer",9956
2768,494,439,"transfer",6440
2769,494,745,"transfer",9645
2770,494,159,"transfer",1936
2771,494,592,"transfer",6957
2772,495,567,"transfer",2014
2773,495,788,"transfer",7189
2774,495,340,"transfer",4827
2775,495,754,"transfer",3875
2776,495,144,"transfer",6925
2777,496,548,"transfer",3592
2778,496,740,"transfer",8043
2779,496,729,"transfer",3532
2780,496,625,"transfer",4500
2781,496,223,"transfer",7958
2782,497,42,"transfer",8274
2783,497,693,"transfer",1423
2784,497,480,"transfer",8633
2785,497,971,"transfer",6399
2786,497,837,"transfer",5430
2787,498,613,"transfer",8945
2788,498,406,"transfer",6077
2789,498,461,"transfer",6541
2790,498,138,"transfer",1956
2791,498,4,"transfer",8795
2792,499,707,"transfer",6774
2793,499,285,"transfer",3272
2794,499,757,"transfer",2562
2795,499,676,"transfer",6103
2796,499,812,"transfer",8731
2797,500,931,"transfer",5317
2798,500,491,"transfer",6951
2799,500,80,"transfer",8085
2800,500,19,"transfer",1553
2801,500,737,"transfer",3949
2802,501,205,"transfer",6004
2803,501,339,"transfer",6353
2804,501,850,"transfer",3615
2805,501,403,"transfer",7679
2806,501,666,"transfer",8215
2807,502,668,"transfer",2763
2808,502,893,"transfer",6817
2809,502,330,"transfer",9444
2810,502,203,"transfer",4330
2811,502,380,"transfer",7085
2812,503,787,"transfer",1471
2814,503,921,"transfer",4284
2815,503,824,"transfer",2762
2816,503,714,"transfer",2917
2817,504,473,"transfer",7021
2818,504,589,"transfer",2965
2820,283,327,"transfer",4530
2821,284,772,"transfer",8558
2822,284,102,"transfer",9294
2823,284,920,"transfer",4198
2824,284,640,"transfer",8935
2825,284,454,"transfer",2620
2826,285,59,"transfer",1009
2827,285,628,"transfer",1877
2828,285,443,"transfer",5150
2829,285,534,"transfer",6218
2830,285,293,"transfer",5199
2831,286,548,"transfer",1727
2832,286,926,"transfer",8348
2833,286,933,"transfer",2353
2834,286,150,"transfer",4950
2835,286,57,"transfer",5121
2836,287,144,"transfer",1298
2837,287,279,"transfer",5439
2838,287,571,"transfer",6446
2839,287,536,"transfer",1702
2840,287,403,"transfer",5206
2841,288,137,"transfer",4489
2842,288,525,"transfer",7957
2843,288,570,"transfer",8418
2844,288,169,"transfer",7286
2845,288,826,"transfer",3217
2846,289,796,"transfer",8112
2847,289,970,"transfer",1673
2848,289,674,"transfer",8116
2849,289,12,"transfer",5713
2850,289,843,"transfer",4126
2851,290,860,"transfer",5503
2852,290,219,"transfer",7119
2853,290,397,"transfer",9693
2854,290,109,"transfer",6590
2855,290,159,"transfer",4218
2856,291,835,"transfer",8010
2857,291,981,"transfer",2024
2858,291,311,"transfer",1846
2859,291,317,"transfer",1378
2860,291,373,"transfer",5705
2861,292,800,"transfer",5262
2862,292,24,"transfer",9205
2863,292,831,"transfer",8445
2864,292,672,"transfer",4404
2865,292,597,"transfer",3560
2866,293,454,"transfer",1967
2867,293,559,"transfer",7242
2868,293,559,"transfer",7559
2869,293,734,"transfer",7171
2870,293,13,"transfer",2438
2871,294,480,"transfer",9814
2872,294,123,"transfer",6971
2873,294,743,"transfer",8769
2874,294,619,"transfer",5807
2875,294,875,"transfer",5356
2876,295,223,"transfer",3592
2877,295,851,"transfer",8731
2878,295,524,"transfer",5310
2879,295,642,"transfer",7477
2880,295,313,"transfer",4672
2881,296,751,"transfer",3516
2882,296,301,"transfer",6370
2883,296,242,"transfer",7518
2884,296,365,"transfer",6292
2885,296,724,"transfer",3152
2886,297,495,"transfer",8938
2887,297,397,"transfer",8613
2888,297,534,"transfer",5737
2889,297,120,"transfer",1332
2890,297,66,"transfer",5976
2891,298,950,"transfer",5656
2892,298,621,"transfer",1902
2893,298,666,"transfer",2932
2894,298,973,"transfer",5256
2895,298,515,"transfer",1353
2896,299,634,"transfer",2488
2897,299,187,"transfer",6607
2898,299,842,"transfer",7809
2899,299,892,"transfer",1699
2900,299,639,"transfer",6497
2901,300,91,"transfer",3227
2902,300,57,"transfer",6521
2903,300,225,"transfer",9132
2904,300,324,"transfer",3597
2905,300,743,"transfer",4354
2906,301,844,"transfer",9936
2907,301,463,"transfer",4779
2908,301,730,"transfer",3866
2909,301,13,"transfer",9893
2910,301,149,"transfer",8319
2911,302,934,"transfer",9636
2912,302,301,"transfer",6261
2913,302,135,"transfer",5546
2914,302,439,"transfer",4015
2915,302,710,"transfer",3465
2916,303,519,"transfer",8079
2917,303,219,"transfer",8626
2918,303,54,"transfer",5598
2919,303,495,"transfer",9823
2920,303,388,"transfer",4315
2921,304,506,"transfer",8071
2922,304,184,"transfer",2573
2923,304,837,"transfer",5561
2924,304,795,"transfer",2201
2925,304,299,"transfer",7804
2926,305,188,"transfer",5022
2927,305,685,"transfer",6582
2928,305,842,"transfer",9516
2929,305,448,"transfer",9340
2930,305,112,"transfer",2787
2931,306,444,"transfer",4273
2932,306,621,"transfer",3990
2933,306,584,"transfer",5357
2934,306,228,"transfer",4548
2935,306,282,"transfer",6452
2936,307,970,"transfer",4945
2937,307,640,"transfer",7733
2938,307,292,"transfer",2039
2939,307,481,"transfer",6996
2940,307,294,"transfer",9745
2941,308,188,"transfer",7728
2942,308,53,"transfer",9616
2943,308,310,"transfer",5128
2944,308,130,"transfer",6077
2945,308,433,"transfer",8258
2946,309,468,"transfer",8108
2947,309,892,"transfer",3833
2948,309,150,"transfer",9609
2949,309,38,"transfer",8774
2950,309,584,"transfer",2986
2951,310,811,"transfer",9613
2952,310,901,"transfer",8020
2953,310,781,"transfer",8636
2954,310,534,"transfer",8717
2955,310,524,"transfer",2976
2956,311,918,"transfer",7504
2957,311,892,"transfer",3170
2958,311,27,"transfer",9883
2959,311,377,"transfer",1512
2960,311,380,"transfer",3317
2961,312,595,"transfer",1728
2962,312,138,"transfer",4976
2963,312,301,"transfer",5023
2964,312,186,"transfer",5677
2965,312,666,"transfer",9297
2966,313,352,"transfer",9988
2967,313,759,"transfer",7622
2968,313,406,"transfer",1499
2969,313,934,"transfer",6427
2970,313,693,"transfer",8389
2971,314,187,"transfer",1801
2972,314,317,"transfer",8732
2973,314,145,"transfer",7484
2974,314,804,"transfer",1877
2975,314,856,"transfer",9770
2976,315,222,"transfer",6445
2977,315,281,"transfer",4840
2978,315,226,"transfer",8586
2979,315,973,"transfer",9682
2980,315,613,"transfer",5819
2981,316,944,"transfer",8203
2982,316,720,"transfer",6457
2983,316,8,"transfer",7926
2984,316,131,"transfer",8585
2985,316,624,"transfer",8832
2986,317,890,"transfer",2410
2987,317,557,"transfer",1688
2988,317,356,"transfer",5597
2989,317,65,"transfer",6215
2990,317,242,"transfer",7347
2991,318,413,"transfer",6090
2992,318,836,"transfer",3772
2993,318,29,"transfer",4084
2994,318,566,"transfer",4993
2995,318,294,"transfer",6246
2996,319,463,"transfer",2044
2997,319,118,"transfer",5340
2998,319,592,"transfer",1826
2999,319,835,"transfer",5868
3000,319,600,"transfer",1121
3001,320,535,"transfer",9539
3002,320,183,"transfer",9931
3003,320,308,"transfer",2407
3004,320,117,"transfer",1239
3005,320,273,"transfer",7764
3006,321,259,"transfer",5083
3007,321,713,"transfer",8819
3008,321,361,"transfer",2444
3009,321,571,"transfer",2855
3010,321,929,"transfer",3376
3011,322,847,"transfer",9969
3012,322,301,"transfer",4304
3013,322,804,"transfer",9961
3014,322,101,"transfer",6103
3015,322,353,"transfer",1468
3016,323,63,"transfer",1352
3017,323,249,"transfer",8065
3018,323,505,"transfer",1646
3019,323,462,"transfer",2174
3020,323,534,"transfer",1366
3021,324,906,"transfer",5169
3022,324,532,"transfer",2544
3023,324,182,"transfer",3846
3024,324,211,"transfer",2450
3025,324,348,"transfer",1774
3026,325,871,"transfer",7898
3027,325,740,"transfer",1678
3028,325,934,"transfer",5438
3029,325,877,"transfer",3478
3030,325,222,"transfer",3659
3031,326,337,"transfer",8360
3032,326,905,"transfer",2697
3033,326,232,"transfer",3630
3034,326,532,"transfer",6308
3035,326,996,"transfer",1747
3036,327,555,"transfer",1360
3037,327,237,"transfer",1038
3038,327,804,"transfer",6422
3039,327,204,"transfer",6470
3040,327,365,"transfer",2284
3041,328,642,"transfer",3894
3042,328,264,"transfer",7553
3043,328,751,"transfer",3562
3044,328,222,"transfer",1384
3045,328,365,"transfer",6810
3046,329,671,"transfer",8853
3047,329,380,"transfer",1633
3048,329,541,"transfer",3452
3049,329,502,"transfer",3600
3050,329,263,"transfer",2070
3051,330,29,"transfer",9256
3052,330,999,"transfer",8152
3053,330,559,"transfer",5310
3054,330,491,"transfer",1647
3055,330,212,"transfer",5612
3056,331,134,"transfer",8686
3057,331,166,"transfer",3749
3058,331,345,"transfer",2210
3059,331,23,"transfer",5799
3060,331,903,"transfer",3826
3061,332,325,"transfer",9428
3062,332,125,"transfer",5357
3063,332,387,"transfer",4481
3064,332,596,"transfer",5698
3065,332,297,"transfer",1115
3066,333,276,"transfer",1114
3067,333,501,"transfer",4577
3068,333,356,"transfer",2591
3069,333,918,"transfer",9646
3070,333,647,"transfer",2682
3071,334,918,"transfer",8318
3072,334,95,"transfer",3152
3073,334,837,"transfer",4096
3074,334,317,"transfer",8629
3075,334,955,"transfer",1243
3076,335,190,"transfer",4989
3077,335,230,"transfer",1858
3078,335,846,"transfer",7712
3079,335,222,"transfer",4046
3080,335,590,"transfer",6697
3081,336,272,"transfer",7954
3082,336,181,"transfer",5343
3083,336,309,"transfer",9076
3084,336,920,"transfer",2945
3085,336,222,"transfer",5065
3086,337,560,"transfer",2187
3087,337,152,"transfer",7539
3088,337,561,"transfer",6298
3089,337,373,"transfer",5446
3090,337,130,"transfer",2779
3091,338,528,"transfer",9965
3093,338,556,"transfer",9229
3094,338,614,"transfer",3176
3095,338,648,"transfer",4051
3096,339,187,"transfer",8042
3097,339,172,"transfer",3906
3099,339,891,"transfer",1445
3100,339,782,"transfer",3843
3101,340,200,"transfer",6323
3102,340,122,"transfer",2833
3103,340,962,"transfer",8325
3104,340,261,"transfer",8862
3105,340,385,"transfer",9113
3106,341,387,"transfer",7916
3107,341,242,"transfer",5564
3108,341,883,"transfer",6769
3109,341,313,"transfer",4966
3110,341,439,"transfer",6454
3111,342,371,"transfer",3253
3112,342,467,"transfer",5732
3113,342,872,"transfer",8268
3114,342,685,"transfer",5195
3115,342,971,"transfer",3454
3116,343,369,"transfer",2088
3117,343,218,"transfer",7257
3118,343,287,"transfer",2057
3119,343,674,"transfer",5946
3120,343,729,"transfer",6409
3121,344,928,"transfer",5701
3122,344,607,"transfer",4808
3123,344,942,"transfer",2965
3124,344,154,"transfer",8831
3125,344,791,"transfer",1247
3126,345,352,"transfer",8614
3127,345,380,"transfer",3192
3128,345,710,"transfer",6431
3129,345,807,"transfer",5198
3130,345,127,"transfer",1313
3131,346,627,"transfer",1844
3132,346,279,"transfer",1189
3133,346,772,"transfer",2139
3134,346,143,"transfer",5255
3135,346,478,"transfer",8492
3136,347,481,"transfer",4249
3137,347,165,"transfer",5282
3138,347,330,"transfer",7083
3139,347,982,"transfer",3149
3140,347,397,"transfer",1108
3141,348,734,"transfer",6617
3142,348,861,"transfer",7584
3143,348,177,"transfer",6383
3144,348,313,"transfer",1432
3145,348,614,"transfer",2883
3146,349,888,"transfer",3568
3147,349,805,"transfer",2511
3148,349,944,"transfer",3386
3149,349,491,"transfer",1048
3150,349,850,"transfer",6699
3151,350,823,"transfer",1143
3152,350,975,"transfer",9239
3153,350,884,"transfer",1226
3154,350,518,"transfer",8736
3155,350,926,"transfer",6839
3156,351,571,"transfer",2021
3157,351,317,"transfer",9149
3158,351,221,"transfer",9408
3159,351,693,"transfer",1371
3160,351,241,"transfer",4446
3161,352,321,"transfer",2914
3162,352,130,"transfer",6920
3163,352,767,"transfer",9215
3164,352,640,"transfer",7060
3165,352,582,"transfer",8536
3166,353,690,"transfer",1889
3167,353,394,"transfer",2887
3168,353,2,"transfer",8365
3169,353,944,"transfer",9510
3170,353,800,"transfer",5620
3171,354,646,"transfer",9130
3172,354,865,"transfer",9378
3173,354,95,"transfer",1156
3174,354,851,"transfer",1600
3175,354,981,"transfer",7300
3176,355,941,"transfer",3946
3177,355,569,"transfer",4653
3178,355,124,"transfer",8709
3179,355,576,"transfer",7050
3180,355,813,"transfer",3025
3181,356,49,"transfer",7904
3182,356,533,"transfer",1328
3183,356,998,"transfer",7782
3184,356,102,"transfer",3362
3185,356,934,"transfer",6926
3186,357,578,"transfer",6942
3187,357,276,"transfer",3029
3188,357,597,"transfer",8818
3189,357,101,"transfer",7267
3190,357,205,"transfer",1106
3191,358,378,"transfer",7409
3192,358,544,"transfer",9312
3193,358,648,"transfer",3449
3194,358,808,"transfer",2070
3195,358,669,"transfer",5451
3196,359,222,"transfer",2182
3197,359,631,"transfer",1459
3198,359,606,"transfer",9430
3199,359,579,"transfer",1919
3200,359,310,"transfer",6149
3201,360,746,"transfer",6783
3202,360,553,"transfer",4432
3203,360,233,"transfer",1257
3204,360,971,"transfer",8406
3205,360,844,"transfer",7010
3206,361,71,"transfer",2605
3207,361,772,"transfer",9598
3208,361,58,"transfer",4856
3209,361,509,"transfer",1354
3210,361,883,"transfer",8187
3211,362,187,"transfer",5872
3212,362,101,"transfer",5979
3213,362,274,"transfer",7829
3214,362,431,"transfer",7010
3215,362,179,"transfer",2878
3216,363,56,"transfer",6612
3217,363,973,"transfer",6625
3218,363,135,"transfer",9804
3219,363,745,"transfer",6389
3220,363,600,"transfer",3265
3221,364,840,"transfer",3452
3222,364,934,"transfer",3029
3223,364,720,"transfer",2428
3224,364,301,"transfer",2333
3225,364,211,"transfer",6963
3226,365,165,"transfer",6127
3227,365,146,"transfer",9511
3228,365,937,"transfer",2567
3229,365,939,"transfer",3158
3230,365,662,"transfer",7338
3231,366,871,"transfer",6683
3232,366,222,"transfer",5988
3233,366,387,"transfer",5662
3234,366,412,"transfer",6043
3235,366,49,"transfer",3570
3236,367,463,"transfer",1884
3237,367,40,"transfer",5290
3238,367,310,"transfer",4007
3239,367,856,"transfer",5995
3240,367,330,"transfer",8864
3241,368,495,"transfer",1801
3242,368,641,"transfer",1433
3243,368,694,"transfer",2096
3244,368,373,"transfer",7679
3245,368,774,"transfer",5278
3246,369,138,"transfer",3070
3247,369,799,"transfer",1935
3248,369,466,"transfer",9517
3249,369,788,"transfer",4546
3250,369,456,"transfer",6448
3251,370,348,"transfer",8957
3252,370,4,"transfer",6959
3253,370,356,"transfer",8858
3254,370,413,"transfer",4042
3255,370,674,"transfer",8163
3256,371,144,"transfer",5679
3257,371,136,"transfer",1058
3258,371,740,"transfer",1638
3259,371,122,"transfer",5777
3260,371,800,"transfer",7265
3261,372,939,"transfer",6130
3262,372,645,"transfer",4879
3263,372,140,"transfer",6339
3264,372,283,"transfer",2971
3265,372,155,"transfer",9201
3266,373,71,"transfer",7345
3267,373,920,"transfer",3796
3268,373,975,"transfer",9050
3269,373,875,"transfer",6338
3270,373,394,"transfer",9273
3271,374,897,"transfer",5694
3272,374,624,"transfer",8088
3273,374,297,"transfer",9271
3274,374,297,"transfer",7259
3275,374,406,"transfer",4767
3276,375,225,"transfer",8634
3277,375,656,"transfer",7430
3278,375,314,"transfer",4504
3279,375,771,"transfer",7756
3280,375,881,"transfer",3752
3281,376,311,"transfer",3520
3282,376,606,"transfer",7215
3283,376,321,"transfer",4679
3284,376,396,"transfer",8450
3285,376,325,"transfer",3420
3286,377,642,"transfer",8801
3287,377,767,"transfer",8467
3288,377,94,"transfer",2904
3289,377,63,"transfer",8441
3290,377,418,"transfer",3513
3291,378,831,"transfer",9515
3292,378,674,"transfer",2051
3293,378,222,"transfer",1101
3294,378,332,"transfer",6896
3295,378,475,"transfer",3918
3296,379,528,"transfer",7909
3297,379,293,"transfer",5883
3298,379,45,"transfer",8177
3299,379,333,"transfer",1131
3300,379,340,"transfer",5803
3301,380,383,"transfer",8145
3302,380,624,"transfer",6530
3303,380,921,"transfer",1105
3304,380,910,"transfer",9816
3305,380,835,"transfer",6468
3306,381,797,"transfer",1939
3307,381,340,"transfer",1574
3308,381,403,"transfer",6966
3309,381,458,"transfer",1580
3310,381,451,"transfer",5401
3311,382,877,"transfer",1237
3312,382,566,"transfer",3746
3313,382,790,"transfer",1409
3314,382,340,"transfer",1577
3315,382,734,"transfer",2669
3316,383,790,"transfer",2447
3317,383,325,"transfer",6910
3318,383,480,"transfer",8177
3319,383,454,"transfer",6668
3320,383,904,"transfer",7236
3321,384,297,"transfer",9578
3322,384,988,"transfer",7771
3323,384,295,"transfer",3422
3324,384,826,"transfer",4002
3325,384,418,"transfer",4778
3326,385,447,"transfer",7779
3327,385,22,"transfer",5796
3328,385,758,"transfer",6252
3329,385,524,"transfer",4326
3330,385,210,"transfer",7324
3331,386,481,"transfer",9030
3332,386,400,"transfer",6305
3333,386,448,"transfer",6673
3334,386,897,"transfer",5257
3335,386,988,"transfer",6986
3336,387,577,"transfer",8563
3337,387,867,"transfer",8204
3338,387,998,"transfer",5329
3339,387,188,"transfer",8475
3340,387,374,"transfer",7740
3341,388,884,"transfer",1374
3342,388,231,"transfer",9192
3343,388,274,"transfer",1152
3344,388,332,"transfer",7570
3345,388,129,"transfer",5968
3346,389,465,"transfer",3826
3347,389,8,"transfer",1836
3348,389,511,"transfer",6618
3349,389,764,"transfer",4311
3350,389,596,"transfer",4002
3351,390,217,"transfer",2189
3352,390,743,"transfer",1782
3353,390,790,"transfer",3117
3354,390,707,"transfer",7679
3355,390,681,"transfer",3460
3356,391,259,"transfer",6761
3357,391,865,"transfer",5656
3358,391,4,"transfer",8118
3359,391,405,"transfer",9601
3360,391,998,"transfer",9006
3361,392,202,"transfer",4466
3362,392,456,"transfer",5416
3363,392,91,"transfer",9930
3364,392,207,"transfer",6149
3365,392,78,"transfer",2599
3366,393,534,"transfer",6116
3367,393,534,"transfer",1119
3368,393,297,"transfer",6418
3369,393,146,"transfer",1157
3370,393,891,"transfer",8032
3372,394,186,"transfer",9611
3373,394,560,"transfer",1361
3374,394,575,"transfer",5189
3375,394,259,"transfer",1411
3376,395,801,"transfer",2458
3378,395,646,"transfer",6471
3379,395,762,"transfer",9795
3380,395,565,"transfer",3724
3381,396,447,"transfer",3914
3382,396,697,"transfer",2559
3383,396,203,"transfer",1192
3384,396,387,"transfer",1150
3385,396,180,"transfer",1639
3386,397,71,"transfer",1282
3387,397,584,"transfer",8961
3388,397,382,"transfer",5612
3389,397,716,"transfer",2925
3390,397,325,"transfer",9507
3391,398,642,"transfer",2380
3392,398,258,"transfer",6387
3393,398,596,"transfer",1454
3394,398,548,"transfer",8262
3395,398,284,"transfer",3503
3396,399,874,"transfer",3843
3397,399,165,"transfer",1177
3398,399,365,"transfer",5391
3399,399,934,"transfer",2381
3400,399,490,"transfer",5576
3401,400,387,"transfer",4961
3402,400,89,"transfer",1655
3403,400,281,"transfer",7049
3404,400,203,"transfer",5616
3405,400,359,"transfer",1670
3406,401,740,"transfer",3222
3407,401,350,"transfer",1798
3408,401,411,"transfer",5042
3409,401,572,"transfer",4510
3410,401,928,"transfer",7698
3411,515,351,"transfer",7953
3412,516,519,"transfer",5465
3413,516,225,"transfer",6343
3414,516,510,"transfer",4256
3415,516,301,"transfer",4291
3416,516,412,"transfer",1981
3417,517,494,"transfer",8290
3418,517,338,"transfer",6304
3419,517,810,"transfer",5480
3420,517,998,"transfer",1717
3421,517,327,"transfer",8555
3422,518,151,"transfer",9439
3423,518,159,"transfer",7395
3424,518,301,"transfer",3800
3425,518,135,"transfer",4526
3426,518,485,"transfer",7173
3427,519,325,"transfer",9637
3428,519,727,"transfer",6151
3429,519,581,"transfer",2585
3430,519,293,"transfer",2945
3431,519,380,"transfer",5493
3432,520,758,"transfer",4162
3433,520,881,"transfer",9837
3434,520,693,"transfer",6138
3435,520,636,"transfer",6273
3436,520,872,"transfer",4154
3437,521,892,"transfer",7739
3438,521,649,"transfer",9405
3439,521,899,"transfer",2374
3440,521,331,"transfer",3252
3441,521,186,"transfer",3671
3442,522,164,"transfer",6350
3443,522,310,"transfer",2669
3444,522,823,"transfer",9104
3445,522,746,"transfer",4296
3446,522,939,"transfer",4646
3447,523,135,"transfer",6483
3448,523,330,"transfer",5568
3449,523,536,"transfer",2775
3450,523,830,"transfer",3647
3451,523,765,"transfer",7872
3452,524,213,"transfer",8058
3453,524,463,"transfer",9336
3454,524,579,"transfer",6066
3455,524,330,"transfer",2963
3456,524,469,"transfer",2053
3457,525,518,"transfer",5354
3458,525,707,"transfer",7080
3459,525,2,"transfer",6988
3460,525,57,"transfer",5341
3461,525,642,"transfer",6685
3462,526,867,"transfer",8384
3463,526,120,"transfer",7227
3464,526,769,"transfer",1810
3465,526,942,"transfer",1230
3466,526,942,"transfer",2095
3467,527,29,"transfer",2139
3468,527,7,"transfer",5190
3469,527,233,"transfer",3232
3470,527,246,"transfer",5492
3471,527,175,"transfer",4771
3472,528,360,"transfer",2229
3473,528,934,"transfer",6139
3474,528,271,"transfer",3565
3475,528,259,"transfer",3840
3476,528,569,"transfer",3680
3477,529,253,"transfer",8910
3478,529,302,"transfer",1683
3479,529,155,"transfer",5792
3480,529,350,"transfer",6676
3481,529,420,"transfer",2169
3482,530,310,"transfer",2276
3483,530,831,"transfer",2823
3484,530,330,"transfer",3564
3485,530,519,"transfer",5769
3486,530,418,"transfer",2642
3487,531,595,"transfer",8057
3488,531,872,"transfer",6413
3489,531,80,"transfer",6276
3490,531,842,"transfer",4895
3491,531,78,"transfer",5811
3492,532,66,"transfer",1828
3493,532,123,"transfer",1094
3494,532,259,"transfer",7674
3495,532,886,"transfer",6512
3496,532,241,"transfer",8325
3497,533,177,"transfer",2923
3498,533,91,"transfer",2647
3499,533,625,"transfer",5399
3500,533,576,"transfer",5680
3501,533,184,"transfer",2480
3502,534,406,"transfer",2570
3503,534,359,"transfer",9066
3504,534,35,"transfer",4649
3505,534,332,"transfer",7584
3506,534,944,"transfer",9817
3507,535,480,"transfer",4056
3508,535,737,"transfer",7038
3509,535,297,"transfer",8780
3510,535,303,"transfer",2400
3511,535,729,"transfer",6327
3512,536,962,"transfer",4489
3513,536,921,"transfer",5314
3514,536,480,"transfer",9946
3515,536,625,"transfer",3408
3516,536,218,"transfer",1291
3517,537,493,"transfer",3126
3518,537,89,"transfer",2233
3519,537,867,"transfer",6061
3520,537,872,"transfer",7578
3521,537,524,"transfer",7241
3522,538,842,"transfer",2909
3523,538,481,"transfer",1077
3524,538,242,"transfer",1753
3525,538,726,"transfer",5301
3526,538,53,"transfer",8215
3527,539,690,"transfer",3425
3528,539,294,"transfer",5591
3529,539,734,"transfer",2248
3530,539,646,"transfer",3467
3531,539,756,"transfer",5625
3532,540,624,"transfer",2030
3533,540,559,"transfer",6446
3534,540,850,"transfer",1723
3535,540,986,"transfer",6882
3536,540,566,"transfer",4372
3537,541,301,"transfer",5475
3538,541,646,"transfer",1708
3539,541,519,"transfer",1974
3540,541,271,"transfer",5080
3541,541,274,"transfer",4921
3542,542,439,"transfer",8423
3543,542,904,"transfer",4404
3544,542,666,"transfer",8335
3545,542,284,"transfer",6114
3546,542,469,"transfer",8966
3547,543,646,"transfer",9478
3548,543,691,"transfer",8070
3549,543,691,"transfer",8797
3550,543,299,"transfer",3444
3551,543,292,"transfer",5774
3552,544,229,"transfer",1464
3553,544,459,"transfer",1216
3554,544,117,"transfer",8938
3555,544,228,"transfer",6643
3556,544,520,"transfer",6190
3557,545,762,"transfer",5023
3558,545,323,"transfer",9296
3559,545,454,"transfer",7179
3560,545,349,"transfer",4833
3561,545,939,"transfer",6111
3562,546,976,"transfer",6110
3563,546,521,"transfer",7758
3564,546,42,"transfer",1079
3565,546,380,"transfer",2061
3566,546,843,"transfer",8140
3567,547,4,"transfer",1968
3568,547,811,"transfer",8425
3569,547,934,"transfer",5638
3570,547,300,"transfer",1468
3571,547,12,"transfer",1658
3572,548,742,"transfer",5522
3573,548,559,"transfer",2301
3574,548,13,"transfer",6345
3575,548,986,"transfer",6346
3576,548,444,"transfer",9958
3577,549,931,"transfer",3479
3578,549,685,"transfer",4831
3579,549,301,"transfer",3201
3580,549,690,"transfer",4378
3581,549,860,"transfer",8356
3582,550,903,"transfer",9392
3583,550,274,"transfer",7671
3584,550,412,"transfer",1379
3585,550,326,"transfer",2542
3586,550,560,"transfer",6972
3587,551,534,"transfer",2321
3588,551,359,"transfer",9045
3589,551,697,"transfer",9314
3590,551,850,"transfer",9033
3591,551,765,"transfer",3131
3592,552,466,"transfer",1931
3593,552,461,"transfer",6547
3594,552,95,"transfer",2810
3595,552,380,"transfer",5638
3596,552,94,"transfer",9429
3597,553,532,"transfer",8806
3598,553,440,"transfer",2713
3599,553,603,"transfer",2354
3600,553,772,"transfer",3640
3601,553,694,"transfer",7276
3602,554,161,"transfer",3040
3603,554,467,"transfer",1857
3604,554,305,"transfer",1996
3605,554,128,"transfer",3045
3606,554,420,"transfer",8539
3607,555,197,"transfer",1020
3608,555,397,"transfer",7785
3609,555,850,"transfer",7214
3610,555,439,"transfer",3155
3611,555,932,"transfer",6463
3612,556,807,"transfer",5919
3613,556,646,"transfer",1868
3614,556,651,"transfer",3911
3615,556,41,"transfer",5793
3616,556,236,"transfer",5770
3617,557,565,"transfer",1725
3618,557,279,"transfer",8946
3619,557,640,"transfer",6079
3620,557,9,"transfer",9628
3621,557,448,"transfer",7546
3622,558,728,"transfer",1419
3623,558,524,"transfer",3356
3624,558,406,"transfer",4016
3625,558,245,"transfer",4565
3626,558,332,"transfer",6967
3627,559,373,"transfer",7340
3628,559,223,"transfer",8036
3629,559,361,"transfer",4716
3630,559,867,"transfer",4265
3631,559,171,"transfer",2052
3632,560,387,"transfer",3199
3633,560,499,"transfer",1080
3634,560,118,"transfer",5784
3635,560,325,"transfer",7005
3636,560,640,"transfer",3320
3637,561,109,"transfer",9105
3638,561,138,"transfer",1546
3639,561,716,"transfer",2542
3640,561,233,"transfer",4241
3641,561,350,"transfer",5910
3642,562,98,"transfer",9008
3643,562,83,"transfer",7787
3644,562,313,"transfer",4029
3645,562,403,"transfer",7131
3646,562,632,"transfer",9051
3647,563,289,"transfer",9416
3648,563,458,"transfer",4094
3649,563,552,"transfer",8656
3650,563,746,"transfer",2784
3651,563,938,"transfer",2932
3653,564,440,"transfer",9169
3654,564,871,"transfer",9486
3655,564,724,"transfer",6723
3656,564,504,"transfer",9399
3657,565,783,"transfer",2160
3659,565,831,"transfer",3517
3660,957,66,"transfer",2743
3661,957,195,"transfer",3404
3662,958,45,"transfer",3049
3663,958,145,"transfer",1114
3664,958,786,"transfer",2529
3665,958,545,"transfer",3500
3666,958,756,"transfer",1521
3667,959,695,"transfer",1386
3668,959,53,"transfer",1902
3669,959,200,"transfer",7406
3670,959,54,"transfer",6569
3671,959,317,"transfer",4352
3672,960,696,"transfer",3873
3673,960,648,"transfer",7041
3674,960,743,"transfer",2025
3675,960,71,"transfer",8214
3676,960,606,"transfer",6736
3677,961,190,"transfer",6856
3678,961,505,"transfer",8762
3679,961,674,"transfer",8363
3680,961,140,"transfer",3485
3681,961,169,"transfer",8708
3682,962,497,"transfer",4992
3683,962,502,"transfer",8778
3684,962,934,"transfer",9589
3685,962,734,"transfer",9063
3686,962,862,"transfer",1084
3687,963,935,"transfer",4771
3688,963,276,"transfer",1991
3689,963,872,"transfer",4398
3690,963,420,"transfer",2219
3691,963,567,"transfer",1360
3692,964,778,"transfer",4733
3693,964,102,"transfer",4131
3694,964,745,"transfer",3749
3695,964,678,"transfer",6281
3696,964,352,"transfer",8881
3697,965,881,"transfer",2664
3698,965,414,"transfer",6641
3699,965,298,"transfer",2771
3700,965,744,"transfer",7624
3701,965,330,"transfer",7171
3702,966,273,"transfer",4064
3703,966,292,"transfer",3193
3704,966,10,"transfer",3028
3705,966,904,"transfer",9830
3706,966,605,"transfer",5999
3707,967,607,"transfer",6157
3708,967,473,"transfer",2431
3709,967,259,"transfer",6818
3710,967,911,"transfer",4195
3711,967,169,"transfer",8943
3712,968,258,"transfer",7663
3713,968,620,"transfer",2058
3714,968,179,"transfer",4696
3715,968,29,"transfer",8479
3716,968,159,"transfer",1227
3717,969,27,"transfer",1009
3718,969,193,"transfer",9207
3719,969,441,"transfer",2888
3720,969,824,"transfer",5862
3721,969,599,"transfer",2240
3722,970,4,"transfer",4766
3723,970,207,"transfer",2295
3724,970,899,"transfer",3516
3725,970,188,"transfer",6422
3726,970,650,"transfer",8278
3727,971,727,"transfer",7776
3728,971,4,"transfer",9013
3729,971,549,"transfer",9477
3730,971,293,"transfer",1374
3731,971,646,"transfer",3709
3732,972,706,"transfer",4799
3733,972,804,"transfer",3148
3734,972,666,"transfer",3112
3735,972,836,"transfer",4217
3736,972,982,"transfer",2110
3737,973,498,"transfer",8512
3738,973,448,"transfer",3334
3739,973,883,"transfer",8877
3740,973,934,"transfer",6647
3741,973,478,"transfer",3308
3742,974,842,"transfer",9139
3743,974,439,"transfer",2794
3744,974,306,"transfer",1387
3745,974,502,"transfer",5931
3746,974,602,"transfer",6451
3747,975,649,"transfer",1442
3748,975,76,"transfer",7747
3749,975,241,"transfer",7343
3750,975,63,"transfer",7644
3751,975,745,"transfer",3420
3752,976,388,"transfer",7844
3753,976,601,"transfer",4830
3754,976,924,"transfer",5711
3755,976,818,"transfer",5446
3756,976,633,"transfer",1654
3757,977,831,"transfer",7723
3758,977,463,"transfer",8495
3759,977,904,"transfer",7590
3760,977,272,"transfer",1174
3761,977,31,"transfer",5203
3762,978,645,"transfer",2472
3763,978,691,"transfer",2370
3764,978,352,"transfer",5615
3765,978,774,"transfer",2469
3766,978,938,"transfer",4315
3767,979,181,"transfer",4882
3768,979,722,"transfer",4736
3769,979,743,"transfer",6195
3770,979,214,"transfer",1882
3771,979,305,"transfer",8319
3772,980,66,"transfer",5443
3773,980,724,"transfer",9233
3774,980,241,"transfer",3293
3775,980,984,"transfer",7146
3776,980,91,"transfer",6209
3777,981,744,"transfer",6993
3778,981,316,"transfer",5707
3779,981,805,"transfer",4216
3780,981,817,"transfer",1559
3781,981,387,"transfer",2796
3782,982,202,"transfer",6202
3783,982,746,"transfer",9070
3784,982,900,"transfer",7688
3785,982,796,"transfer",7718
3786,982,971,"transfer",8921
3787,983,88,"transfer",4721
3788,983,209,"transfer",2564
3789,983,597,"transfer",4829
3790,983,57,"transfer",6428
3791,983,375,"transfer",3471
3792,984,330,"transfer",8050
3793,984,403,"transfer",4594
3794,984,502,"transfer",1927
3795,984,868,"transfer",7913
3796,984,140,"transfer",4102
3797,985,413,"transfer",5914
3798,985,662,"transfer",7712
3799,985,448,"transfer",4881
3800,985,186,"transfer",3850
3801,985,757,"transfer",6440
3802,986,394,"transfer",5327
3803,986,412,"transfer",6921
3804,986,860,"transfer",9739
3805,986,886,"transfer",1256
3806,986,8,"transfer",3628
3807,987,755,"transfer",5074
3808,987,203,"transfer",1566
3809,987,891,"transfer",4313
3810,987,746,"transfer",2190
3811,987,383,"transfer",6675
3812,988,311,"transfer",1276
3813,988,904,"transfer",9462
3814,988,458,"transfer",1368
3815,988,498,"transfer",4155
3816,988,890,"transfer",3997
3817,989,250,"transfer",3003
3818,989,362,"transfer",5400
3819,989,685,"transfer",5154
3820,989,759,"transfer",3512
3821,989,19,"transfer",6681
3822,990,674,"transfer",8543
3823,990,42,"transfer",2402
3824,990,10,"transfer",9825
3825,990,315,"transfer",7279
3826,990,604,"transfer",2192
3827,991,317,"transfer",4149
3828,991,772,"transfer",8636
3829,991,490,"transfer",5306
3830,991,194,"transfer",4603
3831,991,704,"transfer",9139
3832,992,875,"transfer",2836
3833,992,877,"transfer",2656
3834,992,284,"transfer",2628
3835,992,867,"transfer",4300
3836,992,337,"transfer",8490
3837,993,120,"transfer",4432
3838,993,222,"transfer",9961
3839,993,707,"transfer",4005
3840,993,257,"transfer",8567
3841,993,579,"transfer",9386
3842,994,451,"transfer",5573
3843,994,85,"transfer",6644
3844,994,103,"transfer",2954
3845,994,274,"transfer",4168
3846,994,254,"transfer",9345
3847,995,384,"transfer",3733
3848,995,427,"transfer",2873
3849,995,352,"transfer",4622
3850,995,560,"transfer",8212
3851,995,865,"transfer",7748
3852,996,920,"transfer",6445
3853,996,261,"transfer",4228
3854,996,286,"transfer",3436
3855,996,817,"transfer",4494
3856,996,458,"transfer",1885
3857,997,874,"transfer",1518
3858,997,796,"transfer",4781
3859,997,259,"transfer",1954
3860,997,606,"transfer",1881
3861,997,387,"transfer",2449
3862,998,814,"transfer",9081
3863,998,871,"transfer",1566
3864,998,548,"transfer",9747
3865,998,558,"transfer",2867
3866,998,781,"transfer",9842
3867,999,891,"transfer",1604
3868,999,839,"transfer",1785
3869,999,934,"transfer",8941
3870,999,71,"transfer",8206
3871,999,919,"transfer",1951
3872,687,1,"transfer",4675
3873,743,166,"transfer",2977
3874,743,796,"transfer",8633
3875,743,576,"transfer",8745
3876,743,883,"transfer",3041
3877,743,559,"transfer",6233
3878,744,616,"transfer",7280
3879,744,135,"transfer",8561
3880,744,475,"transfer",6669
3881,744,789,"transfer",8456
3882,744,881,"transfer",3567
3883,745,801,"transfer",1353
3884,745,439,"transfer",2599
3885,745,559,"transfer",4234
3886,745,251,"transfer",2166
3887,745,317,"transfer",3209
3888,746,441,"transfer",9979
3889,746,499,"transfer",8859
3890,746,309,"transfer",1848
3891,746,342,"transfer",3755
3892,746,352,"transfer",4878
3893,747,29,"transfer",1122
3894,747,76,"transfer",8396
3895,747,89,"transfer",5573
3896,747,494,"transfer",7663
3897,747,520,"transfer",1472
3898,748,218,"transfer",3365
3899,748,183,"transfer",4687
3900,748,271,"transfer",2019
3901,748,165,"transfer",4795
3902,748,165,"transfer",3102
3903,749,421,"transfer",1179
3904,749,60,"transfer",3474
3905,749,607,"transfer",5522
3906,749,138,"transfer",5074
3907,749,801,"transfer",5900
3908,750,843,"transfer",1206
3909,750,403,"transfer",2356
3910,750,504,"transfer",3172
3911,750,595,"transfer",8545
3912,750,327,"transfer",3568
3913,751,63,"transfer",2832
3914,751,228,"transfer",8840
3915,751,119,"transfer",2691
3916,751,805,"transfer",5920
3917,751,448,"transfer",7736
3918,752,782,"transfer",1017
3919,752,279,"transfer",3584
3920,752,331,"transfer",2462
3921,752,384,"transfer",8802
3922,752,403,"transfer",2535
3923,753,840,"transfer",6448
3924,753,534,"transfer",5490
3925,753,624,"transfer",2234
3926,753,595,"transfer",9903
3927,753,643,"transfer",3936
3928,754,491,"transfer",8812
3929,754,745,"transfer",6324
3930,754,934,"transfer",5071
3931,754,553,"transfer",5148
3932,754,274,"transfer",7932
3933,755,446,"transfer",4298
3935,755,165,"transfer",2742
3936,755,919,"transfer",9093
3937,755,152,"transfer",9267
3938,756,135,"transfer",9584
3939,756,920,"transfer",9061
3940,756,631,"transfer",5659
3941,756,914,"transfer",3878
3942,756,939,"transfer",5265
3943,757,811,"transfer",7449
3944,757,745,"transfer",3365
3945,757,311,"transfer",3909
3946,757,673,"transfer",3783
3947,757,305,"transfer",7751
3948,758,922,"transfer",3401
3949,758,922,"transfer",7773
3950,758,423,"transfer",1037
3951,758,602,"transfer",2739
3952,758,91,"transfer",2063
3953,759,628,"transfer",2964
3954,759,744,"transfer",7791
3955,759,45,"transfer",1993
3956,759,559,"transfer",4908
3957,759,584,"transfer",1046
3958,760,236,"transfer",8515
3959,760,610,"transfer",4002
3960,760,553,"transfer",7935
3961,760,547,"transfer",8394
3962,760,24,"transfer",8665
3963,761,383,"transfer",6030
3964,761,931,"transfer",2863
3965,761,159,"transfer",3046
3966,761,384,"transfer",9053
3967,761,648,"transfer",4641
3968,762,920,"transfer",2971
3969,762,525,"transfer",2054
3970,762,872,"transfer",5622
3971,762,493,"transfer",7172
3972,762,74,"transfer",3819
3973,763,876,"transfer",1267
3974,763,757,"transfer",7715
3975,763,913,"transfer",4523
3976,763,533,"transfer",3128
3977,763,448,"transfer",3337
3978,764,206,"transfer",7373
3979,764,561,"transfer",3863
3980,764,685,"transfer",2694
3981,764,642,"transfer",5209
3982,764,754,"transfer",6965
3983,765,572,"transfer",9475
3984,765,448,"transfer",3688
3985,765,559,"transfer",9171
3986,765,634,"transfer",6593
3987,765,737,"transfer",2744
3988,766,661,"transfer",9925
3989,766,414,"transfer",6411
3990,766,455,"transfer",7462
3991,766,984,"transfer",6096
3992,766,618,"transfer",3778
3993,767,459,"transfer",9993
3994,767,544,"transfer",2510
3995,767,122,"transfer",3135
3996,767,168,"transfer",3907
3997,767,578,"transfer",8231
3998,768,717,"transfer",7299
3999,768,166,"transfer",5725
4000,768,874,"transfer",8161
4001,768,298,"transfer",6328
4002,768,625,"transfer",8680
4003,769,102,"transfer",6572
4004,769,950,"transfer",3871
4005,769,566,"transfer",7330
4006,769,85,"transfer",4228
4007,769,241,"transfer",1495
4008,770,812,"transfer",8155
4009,770,192,"transfer",2870
4010,770,348,"transfer",7998
4011,770,335,"transfer",7605
4012,770,807,"transfer",1548
4013,771,365,"transfer",3583
4014,771,222,"transfer",2223
4015,771,463,"transfer",6920
4016,771,894,"transfer",4612
4017,771,589,"transfer",1903
4018,772,744,"transfer",1972
4019,772,553,"transfer",4189
4020,772,102,"transfer",1100
4021,772,681,"transfer",5596
4022,772,330,"transfer",8504
4023,773,180,"transfer",3820
4024,773,245,"transfer",9444
4025,773,872,"transfer",1734
4026,773,109,"transfer",6506
4027,773,837,"transfer",7521
4028,774,412,"transfer",7983
4029,774,301,"transfer",2699
4030,774,513,"transfer",7957
4031,774,892,"transfer",9778
4032,774,309,"transfer",1164
4033,775,597,"transfer",8385
4034,775,813,"transfer",7137
4035,775,679,"transfer",1485
4036,775,293,"transfer",3618
4037,775,170,"transfer",3277
4038,776,903,"transfer",3515
4039,776,696,"transfer",4601
4040,776,871,"transfer",8018
4041,776,777,"transfer",1385
4042,776,192,"transfer",2997
4043,777,940,"transfer",2769
4044,777,352,"transfer",3123
4045,777,734,"transfer",6425
4046,777,681,"transfer",8020
4047,777,91,"transfer",8087
4048,778,262,"transfer",8239
4049,778,383,"transfer",6403
4050,778,752,"transfer",5929
4051,778,413,"transfer",8183
4052,778,313,"transfer",3092
4053,779,982,"transfer",7129
4054,779,301,"transfer",3215
4055,779,534,"transfer",7986
4056,779,501,"transfer",3570
4057,779,101,"transfer",3212
4058,780,272,"transfer",4151
4059,780,380,"transfer",5569
4060,780,354,"transfer",6838
4061,780,560,"transfer",3815
4062,780,799,"transfer",4915
4063,781,662,"transfer",8598
4064,781,71,"transfer",3064
4065,781,712,"transfer",3427
4066,781,884,"transfer",2714
4067,781,505,"transfer",5883
4068,782,640,"transfer",9834
4069,782,258,"transfer",1076
4070,782,289,"transfer",3161
4071,782,146,"transfer",2122
4072,782,83,"transfer",9647
4073,783,671,"transfer",9995
4074,783,130,"transfer",6687
4075,783,576,"transfer",9021
4076,783,921,"transfer",7473
4077,783,579,"transfer",4976
4078,784,584,"transfer",4791
4079,784,519,"transfer",5893
4080,784,640,"transfer",7099
4081,784,551,"transfer",7838
4082,784,287,"transfer",3859
4083,785,850,"transfer",2697
4084,785,557,"transfer",4408
4085,785,856,"transfer",1547
4086,785,240,"transfer",4357
4087,785,870,"transfer",4482
4088,786,559,"transfer",6254
4089,786,485,"transfer",2337
4090,786,347,"transfer",4834
4091,786,796,"transfer",9820
4092,786,747,"transfer",4555
4093,787,4,"transfer",9463
4094,787,473,"transfer",1246
4095,787,676,"transfer",3743
4096,787,560,"transfer",2329
4097,787,50,"transfer",5862
4098,788,549,"transfer",4855
4099,788,779,"transfer",3354
4100,788,82,"transfer",5641
4101,788,40,"transfer",1817
4102,788,272,"transfer",7622
4103,789,330,"transfer",2893
4104,789,915,"transfer",4974
4105,789,877,"transfer",3817
4106,789,131,"transfer",1266
4107,789,498,"transfer",7082
4108,790,797,"transfer",6496
4109,790,897,"transfer",4360
4110,790,842,"transfer",1277
4111,790,166,"transfer",9683
4112,790,646,"transfer",2861
4113,791,757,"transfer",8066
4114,791,387,"transfer",5737
4115,791,335,"transfer",9629
4116,791,892,"transfer",2450
4117,791,499,"transfer",2697
4118,792,436,"transfer",9723
4119,792,932,"transfer",2644
4120,792,576,"transfer",4915
4121,792,362,"transfer",3992
4122,792,379,"transfer",5496
4123,793,448,"transfer",3780
4124,793,447,"transfer",2982
4125,793,293,"transfer",6436
4126,793,88,"transfer",6710
4127,793,643,"transfer",5274
4128,794,759,"transfer",1811
4129,794,10,"transfer",3074
4130,794,856,"transfer",1153
4131,794,831,"transfer",8109
4132,794,217,"transfer",5587
4133,795,831,"transfer",5421
4134,795,541,"transfer",7047
4135,795,403,"transfer",6564
4136,795,420,"transfer",6269
4137,795,746,"transfer",1683
4138,796,135,"transfer",1768
4139,796,247,"transfer",2139
4140,796,311,"transfer",2333
4141,796,979,"transfer",5072
4142,796,778,"transfer",3652
4143,797,906,"transfer",1072
4144,797,649,"transfer",8109
4145,797,737,"transfer",1917
4146,797,666,"transfer",3755
4147,797,899,"transfer",9899
4148,798,218,"transfer",8176
4149,798,290,"transfer",1851
4150,798,876,"transfer",3746
4151,798,779,"transfer",7184
4152,798,974,"transfer",1405
4153,799,893,"transfer",8427
4154,799,287,"transfer",7804
4155,799,904,"transfer",2389
4156,799,443,"transfer",3375
4157,799,842,"transfer",3072
4158,800,533,"transfer",7846
4159,800,330,"transfer",6776
4160,800,644,"transfer",7501
4161,800,860,"transfer",2465
4162,800,213,"transfer",4330
4163,801,334,"transfer",5695
4164,801,379,"transfer",7116
4165,801,323,"transfer",7611
4166,801,610,"transfer",3156
4167,801,499,"transfer",6361
4168,802,78,"transfer",9090
4169,802,926,"transfer",6931
4170,802,844,"transfer",4471
4171,802,31,"transfer",2679
4172,802,534,"transfer",1536
4173,803,167,"transfer",3781
4174,803,117,"transfer",4505
4175,803,790,"transfer",6839
4176,803,891,"transfer",3842
4177,803,777,"transfer",5755
4178,804,65,"transfer",5994
4179,804,224,"transfer",3019
4180,804,441,"transfer",2626
4181,804,642,"transfer",3341
4182,804,640,"transfer",2319
4183,805,448,"transfer",4646
4184,805,947,"transfer",4842
4185,805,364,"transfer",4399
4186,805,441,"transfer",7367
4187,805,126,"transfer",8663
4188,806,920,"transfer",2417
4189,806,222,"transfer",2066
4190,806,883,"transfer",1279
4191,806,595,"transfer",1792
4192,806,973,"transfer",5940
4193,807,625,"transfer",8603
4194,807,144,"transfer",4125
4195,807,505,"transfer",9076
4196,807,29,"transfer",9300
4197,807,380,"transfer",3257
4198,808,478,"transfer",6559
4199,808,509,"transfer",7813
4200,808,981,"transfer",7478
4201,808,449,"transfer",8775
4202,808,40,"transfer",9570
4203,809,47,"transfer",3455
4204,809,492,"transfer",1841
4205,809,724,"transfer",5515
4206,809,57,"transfer",8293
4207,809,561,"transfer",8905
4208,810,38,"transfer",8111
4209,810,328,"transfer",6159
4210,810,298,"transfer",7052
4211,810,746,"transfer",4393
4212,810,871,"transfer",3686
4214,811,352,"transfer",7840
4215,811,427,"transfer",6088
4216,811,968,"transfer",9186
4217,811,372,"transfer",2075
4218,812,528,"transfer",3097
4213,811,534,"transfer",1487
4219,812,4,"transfer",7407
4711,899,412,"transfer",6813
4717,900,15,"transfer",5089
4993,955,66,"transfer",8759
4998,956,634,"transfer",2075
4220,812,225,"transfer",2881
4221,812,346,"transfer",5064
4222,812,549,"transfer",5990
4223,813,860,"transfer",9665
4224,813,796,"transfer",2621
4225,813,406,"transfer",8112
4226,813,592,"transfer",3730
4227,813,274,"transfer",7636
4228,814,847,"transfer",2269
4229,814,680,"transfer",7394
4230,814,696,"transfer",3125
4231,814,264,"transfer",5538
4232,814,309,"transfer",3847
4233,815,730,"transfer",3798
4234,815,49,"transfer",2364
4235,815,135,"transfer",9181
4236,815,285,"transfer",6515
4237,815,666,"transfer",1114
4238,816,287,"transfer",8781
4239,816,590,"transfer",6381
4240,816,934,"transfer",9011
4241,816,289,"transfer",6890
4242,816,812,"transfer",4443
4243,817,155,"transfer",8333
4244,817,699,"transfer",8910
4245,817,560,"transfer",2662
4246,817,140,"transfer",1131
4247,817,330,"transfer",1557
4248,818,756,"transfer",7004
4249,818,867,"transfer",8548
4250,818,466,"transfer",1656
4251,818,439,"transfer",1037
4252,818,249,"transfer",9770
4253,819,210,"transfer",2479
4254,819,45,"transfer",2788
4255,819,977,"transfer",4730
4256,819,145,"transfer",3759
4257,819,674,"transfer",4487
4258,820,321,"transfer",4438
4259,820,786,"transfer",8669
4260,820,66,"transfer",6047
4261,820,262,"transfer",8020
4262,820,850,"transfer",6547
4263,821,457,"transfer",9619
4264,821,91,"transfer",3025
4265,821,383,"transfer",3648
4266,821,786,"transfer",2479
4267,821,80,"transfer",5482
4268,822,413,"transfer",4662
4269,822,666,"transfer",7658
4270,822,599,"transfer",9415
4271,822,754,"transfer",4241
4272,822,786,"transfer",2809
4273,823,56,"transfer",5499
4274,823,934,"transfer",7489
4275,823,892,"transfer",6349
4276,823,716,"transfer",4170
4277,823,665,"transfer",6511
4278,824,387,"transfer",4175
4279,824,666,"transfer",2782
4280,824,326,"transfer",1185
4281,824,420,"transfer",4520
4282,824,137,"transfer",9432
4283,825,506,"transfer",7274
4284,825,850,"transfer",7925
4285,825,326,"transfer",5462
4286,825,743,"transfer",5690
4287,825,532,"transfer",9942
4288,826,123,"transfer",3516
4289,826,407,"transfer",5404
4290,826,380,"transfer",9712
4291,826,264,"transfer",2687
4292,826,625,"transfer",3170
4293,827,264,"transfer",4586
4294,827,581,"transfer",1308
4295,827,71,"transfer",5589
4296,827,711,"transfer",4221
4297,827,446,"transfer",9309
4298,828,166,"transfer",5372
4299,828,188,"transfer",8258
4300,828,43,"transfer",2876
4301,828,127,"transfer",3820
4302,828,493,"transfer",5685
4303,829,441,"transfer",2257
4304,829,218,"transfer",5655
4305,829,473,"transfer",4751
4306,829,901,"transfer",5020
4307,829,91,"transfer",8957
4308,830,383,"transfer",4245
4309,830,264,"transfer",8162
4310,830,253,"transfer",6736
4311,830,749,"transfer",6075
4312,830,928,"transfer",2901
4313,831,155,"transfer",6561
4314,831,139,"transfer",1688
4315,831,117,"transfer",3552
4316,831,756,"transfer",5016
4317,831,131,"transfer",7066
4318,832,777,"transfer",2192
4319,832,646,"transfer",8745
4320,832,813,"transfer",3087
4321,832,165,"transfer",2528
4322,832,756,"transfer",8794
4323,833,218,"transfer",5528
4324,833,272,"transfer",7530
4325,833,551,"transfer",4594
4326,833,221,"transfer",1306
4327,833,85,"transfer",2530
4328,834,571,"transfer",3236
4329,834,289,"transfer",6049
4330,834,601,"transfer",3289
4331,834,118,"transfer",3387
4332,834,874,"transfer",6086
4333,835,626,"transfer",9907
4334,835,584,"transfer",2098
4335,835,865,"transfer",8963
4336,835,529,"transfer",1206
4337,835,13,"transfer",4407
4338,836,720,"transfer",1717
4339,836,403,"transfer",6629
4340,836,57,"transfer",2937
4341,836,383,"transfer",7480
4342,836,759,"transfer",5228
4343,837,218,"transfer",5999
4344,837,246,"transfer",6532
4345,837,973,"transfer",5512
4346,837,480,"transfer",3363
4347,837,645,"transfer",8278
4348,838,897,"transfer",2867
4349,838,501,"transfer",1956
4350,838,666,"transfer",8613
4351,838,865,"transfer",3160
4352,838,728,"transfer",3004
4353,839,884,"transfer",1908
4354,839,388,"transfer",7877
4355,839,94,"transfer",7282
4356,839,314,"transfer",6365
4357,839,534,"transfer",4353
4358,840,963,"transfer",7017
4359,840,135,"transfer",8229
4360,840,341,"transfer",7277
4361,840,753,"transfer",4869
4362,840,697,"transfer",1718
4363,841,595,"transfer",5579
4364,841,380,"transfer",3650
4365,841,188,"transfer",6632
4366,841,383,"transfer",4200
4367,841,552,"transfer",7834
4368,842,977,"transfer",2644
4369,842,576,"transfer",7107
4370,842,251,"transfer",4346
4371,842,746,"transfer",9657
4372,842,226,"transfer",6088
4373,843,856,"transfer",1075
4374,843,509,"transfer",8936
4375,843,247,"transfer",4380
4376,843,460,"transfer",5541
4377,843,66,"transfer",6714
4378,844,27,"transfer",5318
4379,844,504,"transfer",4708
4380,844,419,"transfer",2722
4381,844,96,"transfer",5919
4382,844,758,"transfer",8653
4383,845,443,"transfer",2850
4384,845,942,"transfer",7637
4385,845,186,"transfer",7309
4386,845,406,"transfer",8883
4387,845,852,"transfer",2571
4388,846,455,"transfer",9957
4389,846,109,"transfer",8808
4390,846,499,"transfer",4304
4391,846,457,"transfer",9587
4392,846,326,"transfer",9483
4393,847,59,"transfer",3302
4394,847,338,"transfer",4399
4395,847,614,"transfer",4705
4396,847,368,"transfer",4099
4397,847,165,"transfer",7417
4398,848,155,"transfer",9086
4399,848,383,"transfer",2409
4400,848,533,"transfer",1644
4401,848,273,"transfer",4279
4402,848,417,"transfer",9312
4403,849,127,"transfer",5944
4404,849,339,"transfer",2246
4405,849,299,"transfer",9019
4406,849,532,"transfer",3104
4407,849,921,"transfer",1555
4408,850,850,"transfer",2176
4409,850,903,"transfer",8034
4410,850,774,"transfer",5479
4411,850,387,"transfer",8991
4412,850,777,"transfer",6632
4413,851,203,"transfer",3436
4414,851,437,"transfer",4953
4415,851,118,"transfer",1941
4416,851,797,"transfer",1958
4417,851,271,"transfer",7386
4418,852,347,"transfer",2225
4419,852,549,"transfer",2970
4420,852,59,"transfer",7967
4421,852,102,"transfer",5364
4422,852,536,"transfer",3337
4423,853,309,"transfer",8373
4424,853,78,"transfer",3478
4425,853,144,"transfer",3192
4426,853,919,"transfer",3751
4427,853,970,"transfer",4281
4428,854,624,"transfer",7470
4429,854,772,"transfer",2965
4430,854,181,"transfer",3704
4431,854,78,"transfer",6297
4432,854,875,"transfer",3262
4433,855,756,"transfer",1107
4434,855,598,"transfer",9789
4435,855,934,"transfer",6598
4436,855,720,"transfer",1789
4437,855,191,"transfer",7125
4438,856,615,"transfer",1114
4439,856,380,"transfer",9681
4440,856,938,"transfer",3408
559,283,299,"transfer",5770
833,54,738,"transfer",7220
838,55,683,"transfer",8996
844,56,154,"transfer",8891
850,57,125,"transfer",3252
1125,112,45,"transfer",3987
1131,114,293,"transfer",7854
1137,115,756,"transfer",6802
1412,170,884,"transfer",6441
1418,171,664,"transfer",9711
1693,620,94,"transfer",7836
1699,621,134,"transfer",8034
1972,676,668,"transfer",7376
1978,677,110,"transfer",3582
2254,732,456,"transfer",9460
2531,446,348,"transfer",6022
2537,448,724,"transfer",7907
2813,503,996,"transfer",3005
2819,504,443,"transfer",5798
3092,338,448,"transfer",9188
3098,339,95,"transfer",2921
3371,394,756,"transfer",9000
3377,395,394,"transfer",9800
3652,564,276,"transfer",3376
3658,565,624,"transfer",8354
3934,755,579,"transfer",5538
4441,504,57,"transfer",3617
4442,504,570,"transfer",9012
4443,505,968,"transfer",1890
4444,505,20,"transfer",3650
4445,505,228,"transfer",8250
4446,505,576,"transfer",7098
4447,505,60,"transfer",4328
4448,506,518,"transfer",6099
4449,506,592,"transfer",2569
4450,506,872,"transfer",1897
4451,506,348,"transfer",2357
4452,506,532,"transfer",3565
4453,507,840,"transfer",3881
4454,507,91,"transfer",5269
4455,507,154,"transfer",9317
4456,507,860,"transfer",9513
4457,507,818,"transfer",6180
4458,508,670,"transfer",3242
4459,508,38,"transfer",8560
4460,508,317,"transfer",5703
4461,508,47,"transfer",7324
4462,508,204,"transfer",8730
4463,509,726,"transfer",9774
4464,509,673,"transfer",7565
4465,509,299,"transfer",2361
4466,509,984,"transfer",9703
4467,509,340,"transfer",7864
4468,510,803,"transfer",4140
4469,510,600,"transfer",3970
4470,510,956,"transfer",8616
4471,510,63,"transfer",1748
4472,510,67,"transfer",8047
4473,511,387,"transfer",6885
4474,511,27,"transfer",7600
4475,511,473,"transfer",4574
4476,511,122,"transfer",5460
4477,511,514,"transfer",2321
4478,512,576,"transfer",5334
4479,512,71,"transfer",8438
4480,512,167,"transfer",6259
4481,512,91,"transfer",4748
4482,512,687,"transfer",5868
4483,513,527,"transfer",7903
4484,513,167,"transfer",2137
4485,513,844,"transfer",4835
4486,513,509,"transfer",6954
4487,513,553,"transfer",8323
4488,514,932,"transfer",8332
4489,514,564,"transfer",6699
4490,514,208,"transfer",2459
4491,514,187,"transfer",9838
4492,514,294,"transfer",8392
4493,515,551,"transfer",1109
4494,515,317,"transfer",4083
4495,515,403,"transfer",7295
4496,515,643,"transfer",4394
4497,856,208,"transfer",9448
4498,856,494,"transfer",3918
4499,857,177,"transfer",3076
4500,857,6,"transfer",9850
4501,857,512,"transfer",4176
4502,857,981,"transfer",2162
4503,857,627,"transfer",3287
4504,858,756,"transfer",1317
4505,858,850,"transfer",4601
4506,858,738,"transfer",2052
4507,858,287,"transfer",5259
4508,858,68,"transfer",8721
4509,859,226,"transfer",8449
4510,859,54,"transfer",2013
4511,859,117,"transfer",1731
4512,859,856,"transfer",7074
4513,859,330,"transfer",4769
4514,860,751,"transfer",6426
4515,860,804,"transfer",7889
4516,860,595,"transfer",2039
4517,860,606,"transfer",3921
4518,860,839,"transfer",6361
4519,861,350,"transfer",4608
4520,861,372,"transfer",6752
4521,861,149,"transfer",8175
4522,861,91,"transfer",1992
4523,861,412,"transfer",2796
4524,862,597,"transfer",2973
4525,862,537,"transfer",4355
4526,862,532,"transfer",7051
4527,862,556,"transfer",4746
4528,862,781,"transfer",1956
4529,863,974,"transfer",5549
4530,863,495,"transfer",1252
4531,863,66,"transfer",2117
4532,863,313,"transfer",9649
4533,863,245,"transfer",3592
4534,864,975,"transfer",5744
4535,864,293,"transfer",8895
4536,864,481,"transfer",5825
4537,864,818,"transfer",5228
4538,864,351,"transfer",1242
4539,865,940,"transfer",7698
4540,865,441,"transfer",7761
4541,865,560,"transfer",2855
4542,865,94,"transfer",2507
4543,865,614,"transfer",3981
4544,866,996,"transfer",2319
4545,866,135,"transfer",2574
4546,866,249,"transfer",2489
4547,866,933,"transfer",7730
4548,866,707,"transfer",1599
4549,867,783,"transfer",7243
4550,867,479,"transfer",3828
4551,867,38,"transfer",3150
4552,867,662,"transfer",5595
4553,867,276,"transfer",4619
4554,868,535,"transfer",3475
4555,868,33,"transfer",9360
4556,868,312,"transfer",4330
4557,868,923,"transfer",7171
4558,868,875,"transfer",8507
4559,869,944,"transfer",1043
4560,869,856,"transfer",8424
4561,869,361,"transfer",5220
4562,869,259,"transfer",9762
4563,869,499,"transfer",6097
4564,870,707,"transfer",5300
4565,870,746,"transfer",9483
4566,870,153,"transfer",2466
4567,870,990,"transfer",2821
4568,870,387,"transfer",7342
4569,871,620,"transfer",6659
4570,871,561,"transfer",9026
4571,871,613,"transfer",4579
4572,871,577,"transfer",1225
4573,871,466,"transfer",1471
4574,872,872,"transfer",5611
4575,872,644,"transfer",3124
4576,872,642,"transfer",1341
4577,872,18,"transfer",2321
4578,872,222,"transfer",2362
4579,873,211,"transfer",9790
4580,873,584,"transfer",1569
4581,873,786,"transfer",7807
4582,873,25,"transfer",6026
4583,873,534,"transfer",9884
4584,874,553,"transfer",4239
4585,874,922,"transfer",1514
4586,874,932,"transfer",9448
4587,874,258,"transfer",4860
4588,874,579,"transfer",7562
4589,875,397,"transfer",9002
4590,875,560,"transfer",8820
4591,875,140,"transfer",5985
4592,875,144,"transfer",4498
4593,875,642,"transfer",4071
4594,876,207,"transfer",1261
4595,876,58,"transfer",8787
4596,876,928,"transfer",6196
4597,876,406,"transfer",5790
4598,876,926,"transfer",3547
4599,877,696,"transfer",4399
4600,877,241,"transfer",3711
4601,877,821,"transfer",1417
4602,877,778,"transfer",3736
4603,877,694,"transfer",5504
4604,878,252,"transfer",4542
4605,878,259,"transfer",3731
4606,878,289,"transfer",1197
4607,878,317,"transfer",8689
4608,878,578,"transfer",6631
4609,879,959,"transfer",2412
4610,879,645,"transfer",7336
4611,879,8,"transfer",7913
4612,879,46,"transfer",9656
4613,879,745,"transfer",2453
4614,880,407,"transfer",4802
4615,880,865,"transfer",6693
4616,880,903,"transfer",4136
4617,880,606,"transfer",9956
4618,880,844,"transfer",2370
4619,881,934,"transfer",5371
4620,881,150,"transfer",3358
4621,881,661,"transfer",5873
4622,881,872,"transfer",7053
4623,881,305,"transfer",4982
4624,882,893,"transfer",8879
4625,882,122,"transfer",6098
4626,882,439,"transfer",2703
4627,882,255,"transfer",3161
4628,882,271,"transfer",3622
4629,883,71,"transfer",8738
4630,883,58,"transfer",8165
4631,883,926,"transfer",6428
4632,883,458,"transfer",8059
4633,883,10,"transfer",1019
4634,884,123,"transfer",5738
4635,884,10,"transfer",1980
4636,884,900,"transfer",3597
4637,884,791,"transfer",5884
4638,884,225,"transfer",6555
4639,885,555,"transfer",6142
4640,885,844,"transfer",9809
4641,885,294,"transfer",6527
4642,885,778,"transfer",6690
4643,885,794,"transfer",4534
4644,886,646,"transfer",6282
4645,886,534,"transfer",2969
4646,886,78,"transfer",8166
4647,886,380,"transfer",1137
4648,886,751,"transfer",9660
4649,887,9,"transfer",1252
4650,887,181,"transfer",2838
4651,887,257,"transfer",4953
4652,887,559,"transfer",9100
4653,887,842,"transfer",8268
4654,888,499,"transfer",7984
4655,888,57,"transfer",9085
4656,888,751,"transfer",1123
4657,888,186,"transfer",4690
4658,888,338,"transfer",9705
4659,889,858,"transfer",9110
4660,889,66,"transfer",5715
4661,889,397,"transfer",1815
4662,889,149,"transfer",4472
4663,889,614,"transfer",3885
4664,890,728,"transfer",6677
4665,890,192,"transfer",3720
4666,890,742,"transfer",7287
4667,890,323,"transfer",4604
4668,890,311,"transfer",2023
4669,891,407,"transfer",7414
4670,891,746,"transfer",2602
4671,891,685,"transfer",2040
4672,891,998,"transfer",5293
4673,891,910,"transfer",9626
4674,892,371,"transfer",5121
4675,892,228,"transfer",3995
4676,892,888,"transfer",7346
4677,892,651,"transfer",6904
4678,892,579,"transfer",9203
4679,893,305,"transfer",7128
4680,893,618,"transfer",8283
4681,893,524,"transfer",2367
4682,893,135,"transfer",8686
4683,893,83,"transfer",8174
4684,894,481,"transfer",5433
4685,894,495,"transfer",6345
4686,894,255,"transfer",3650
4687,894,534,"transfer",9905
4688,894,579,"transfer",4236
4689,895,289,"transfer",8483
4690,895,559,"transfer",8955
4691,895,842,"transfer",3128
4692,895,606,"transfer",1318
4693,895,699,"transfer",4419
4694,896,452,"transfer",6093
4695,896,364,"transfer",2706
4696,896,167,"transfer",1191
4697,896,903,"transfer",8723
4698,896,243,"transfer",6503
4699,897,530,"transfer",3174
4700,897,528,"transfer",9637
4701,897,576,"transfer",8775
4702,897,950,"transfer",6723
4703,897,861,"transfer",4168
4704,898,920,"transfer",1349
4705,898,737,"transfer",3809
4706,898,934,"transfer",3463
4707,898,255,"transfer",2967
4708,898,21,"transfer",3947
4709,899,480,"transfer",3681
4710,899,934,"transfer",9888
4712,899,406,"transfer",2318
4713,899,257,"transfer",5505
4714,900,421,"transfer",2862
4715,900,576,"transfer",2860
4716,900,221,"transfer",1792
4718,900,38,"transfer",9214
4719,901,757,"transfer",3514
4720,901,535,"transfer",5270
4721,901,123,"transfer",6089
4722,901,904,"transfer",4499
4723,901,793,"transfer",3229
4724,902,646,"transfer",7492
4725,902,565,"transfer",6343
4726,902,10,"transfer",8672
4727,902,804,"transfer",1314
4728,902,803,"transfer",1655
4729,903,523,"transfer",3427
4730,903,871,"transfer",2000
4731,903,959,"transfer",2943
4732,903,677,"transfer",1550
4733,903,629,"transfer",4325
4734,904,458,"transfer",2609
4735,904,39,"transfer",5168
4736,904,4,"transfer",8965
4737,904,495,"transfer",8482
4738,904,601,"transfer",4876
4739,905,326,"transfer",9253
4740,905,485,"transfer",9965
4741,905,397,"transfer",1897
4742,905,625,"transfer",4342
4743,905,192,"transfer",2040
4744,906,593,"transfer",5296
4745,906,865,"transfer",7490
4746,906,671,"transfer",2652
4747,906,746,"transfer",6441
4748,906,921,"transfer",2638
4749,907,45,"transfer",2501
4750,907,169,"transfer",4203
4751,907,169,"transfer",9718
4752,907,301,"transfer",7159
4753,907,513,"transfer",6282
4754,908,407,"transfer",3749
4755,908,468,"transfer",1196
4756,908,212,"transfer",8875
4757,908,751,"transfer",1089
4758,908,697,"transfer",9961
4759,909,303,"transfer",7526
4760,909,241,"transfer",6388
4761,909,625,"transfer",3477
4762,909,535,"transfer",4508
4763,909,135,"transfer",6855
4764,910,205,"transfer",4215
4765,910,56,"transfer",7290
4766,910,535,"transfer",9650
4767,910,642,"transfer",2908
4768,910,326,"transfer",2770
4769,911,621,"transfer",6010
4770,911,330,"transfer",3832
4771,911,123,"transfer",4438
4772,911,208,"transfer",2668
4773,911,578,"transfer",5059
4774,912,232,"transfer",8756
4775,912,754,"transfer",9421
4776,912,251,"transfer",3410
4777,912,865,"transfer",9697
4778,912,128,"transfer",8367
4779,913,35,"transfer",1957
4780,913,477,"transfer",2079
4781,913,587,"transfer",4411
4782,913,696,"transfer",1616
4783,913,479,"transfer",7973
4784,914,330,"transfer",7194
4785,914,381,"transfer",9659
4786,914,640,"transfer",5947
4787,914,411,"transfer",2800
4788,914,804,"transfer",8011
4789,915,321,"transfer",2498
4790,915,292,"transfer",3433
4791,915,286,"transfer",2633
4792,915,518,"transfer",9830
4793,915,544,"transfer",9067
4794,916,135,"transfer",8963
4795,916,481,"transfer",3650
4796,916,640,"transfer",5051
4797,916,387,"transfer",4713
4798,916,620,"transfer",8001
4799,917,130,"transfer",4186
4800,917,128,"transfer",3718
4801,917,844,"transfer",4039
4802,917,135,"transfer",5324
4803,917,144,"transfer",4626
4804,918,404,"transfer",7519
4805,918,607,"transfer",3279
4806,918,607,"transfer",7724
4807,918,717,"transfer",9618
4808,918,716,"transfer",7784
4809,919,466,"transfer",1269
4810,919,399,"transfer",9062
4811,919,850,"transfer",1448
4812,919,481,"transfer",5546
4813,919,365,"transfer",6698
4814,920,330,"transfer",8969
4815,920,66,"transfer",9847
4816,920,562,"transfer",1751
4817,920,850,"transfer",1902
4818,920,865,"transfer",5725
4819,921,190,"transfer",6690
4820,921,190,"transfer",3359
4821,921,123,"transfer",7269
4822,921,962,"transfer",1206
4823,921,397,"transfer",7560
4824,922,492,"transfer",9552
4825,922,804,"transfer",9186
4826,922,818,"transfer",2054
4827,922,101,"transfer",1877
4828,922,551,"transfer",4465
4829,923,831,"transfer",2552
4830,923,365,"transfer",7774
4831,923,502,"transfer",6144
4832,923,524,"transfer",2041
4833,923,76,"transfer",3706
4834,924,817,"transfer",1109
4835,924,968,"transfer",4114
4836,924,874,"transfer",9696
4837,924,860,"transfer",6419
4838,924,836,"transfer",8980
4839,925,27,"transfer",4911
4840,925,533,"transfer",6330
4841,925,844,"transfer",4774
4842,925,57,"transfer",9167
4843,925,699,"transfer",8511
4844,926,53,"transfer",6747
4845,926,57,"transfer",7706
4846,926,456,"transfer",2488
4847,926,851,"transfer",7103
4848,926,615,"transfer",5668
4849,927,259,"transfer",6191
4850,927,154,"transfer",6079
4851,927,458,"transfer",4678
4852,927,87,"transfer",7086
4853,927,584,"transfer",6731
4854,928,362,"transfer",4240
4855,928,656,"transfer",9999
4856,928,811,"transfer",8340
4857,928,865,"transfer",8577
4858,928,462,"transfer",4316
4859,929,504,"transfer",2934
4860,929,406,"transfer",2140
4861,929,76,"transfer",6443
4862,929,317,"transfer",9262
4863,929,823,"transfer",3247
4864,930,22,"transfer",6431
4865,930,881,"transfer",2601
4866,930,970,"transfer",3752
4867,930,751,"transfer",9458
4868,930,909,"transfer",8840
4869,931,743,"transfer",1971
4870,931,155,"transfer",9363
4871,931,165,"transfer",8354
4872,931,874,"transfer",2048
4873,931,264,"transfer",1048
4874,932,550,"transfer",5268
4875,932,696,"transfer",2611
4876,932,309,"transfer",8385
4877,932,95,"transfer",3310
4878,932,153,"transfer",9482
4879,933,264,"transfer",3513
4880,933,971,"transfer",4937
4881,933,850,"transfer",3284
4882,933,163,"transfer",5801
4883,933,118,"transfer",1089
4884,934,597,"transfer",5608
4885,934,369,"transfer",4271
4886,934,732,"transfer",5218
4887,934,651,"transfer",4682
4888,934,406,"transfer",5064
4889,935,724,"transfer",3905
4890,935,777,"transfer",4263
4891,935,646,"transfer",9936
4892,935,981,"transfer",4982
4893,935,836,"transfer",7919
4894,936,406,"transfer",5057
4895,936,525,"transfer",1161
4896,936,264,"transfer",7960
4897,936,199,"transfer",7407
4898,936,901,"transfer",2754
4899,937,29,"transfer",9060
4900,937,647,"transfer",9809
4901,937,860,"transfer",6500
4902,937,621,"transfer",4181
4903,937,867,"transfer",8998
4904,938,556,"transfer",9446
4905,938,289,"transfer",4930
4906,938,13,"transfer",5098
4907,938,792,"transfer",7005
4908,938,448,"transfer",9026
4909,939,306,"transfer",9111
4910,939,738,"transfer",3417
4911,939,646,"transfer",3777
4912,939,807,"transfer",9905
4913,939,627,"transfer",7787
4914,940,237,"transfer",3443
4915,940,194,"transfer",3351
4916,940,801,"transfer",1285
4917,940,214,"transfer",5940
4918,940,478,"transfer",5179
4919,941,259,"transfer",3942
4920,941,362,"transfer",3647
4921,941,250,"transfer",3424
4922,941,920,"transfer",1664
4923,941,685,"transfer",4025
4924,942,737,"transfer",1281
4925,942,934,"transfer",7411
4926,942,478,"transfer",6821
4927,942,439,"transfer",3729
4928,942,95,"transfer",4940
4929,943,276,"transfer",1456
4930,943,403,"transfer",5733
4931,943,265,"transfer",8794
4932,943,29,"transfer",9783
4933,943,538,"transfer",9703
4934,944,406,"transfer",9302
4935,944,806,"transfer",1673
4936,944,225,"transfer",8385
4937,944,181,"transfer",6666
4938,944,781,"transfer",4375
4939,945,699,"transfer",3038
4940,945,457,"transfer",5779
4941,945,732,"transfer",9754
4942,945,152,"transfer",8868
4943,945,58,"transfer",8494
4944,946,795,"transfer",8401
4945,946,584,"transfer",5742
4946,946,875,"transfer",5041
4947,946,49,"transfer",9366
4948,946,884,"transfer",3821
4949,947,397,"transfer",5332
4950,947,535,"transfer",2513
4951,947,534,"transfer",4975
4952,947,123,"transfer",3125
4953,947,265,"transfer",4246
4954,948,730,"transfer",3300
4955,948,325,"transfer",8612
4956,948,973,"transfer",8700
4957,948,88,"transfer",7710
4958,948,670,"transfer",1244
4959,949,348,"transfer",6765
4960,949,827,"transfer",3322
4961,949,294,"transfer",3037
4962,949,525,"transfer",6047
4963,949,338,"transfer",5801
4964,950,212,"transfer",2849
4965,950,327,"transfer",9768
4966,950,383,"transfer",7263
4967,950,561,"transfer",7358
4968,950,475,"transfer",3618
4969,951,881,"transfer",4053
4970,951,525,"transfer",9366
4971,951,211,"transfer",2485
4972,951,250,"transfer",9550
4973,951,225,"transfer",1360
4974,952,510,"transfer",7450
4975,952,59,"transfer",2160
4976,952,204,"transfer",6505
4977,952,897,"transfer",6499
4978,952,791,"transfer",9307
4979,953,159,"transfer",9079
4980,953,109,"transfer",6900
4981,953,292,"transfer",8006
4982,953,241,"transfer",9998
4983,953,70,"transfer",3960
4984,954,448,"transfer",4202
4985,954,566,"transfer",7690
4986,954,231,"transfer",8314
4987,954,559,"transfer",4333
4988,954,479,"transfer",7553
4989,955,387,"transfer",1928
4990,955,311,"transfer",6782
4991,955,175,"transfer",7133
4992,955,773,"transfer",4169
4994,956,892,"transfer",3394
4995,956,976,"transfer",7905
4996,956,166,"transfer",5845
4997,956,29,"transfer",1245
4999,957,631,"transfer",3959
5000,957,318,"transfer",2558
1,171,831,"transfer",8948
2,172,305,"transfer",6784
3,172,292,"transfer",1006
4,172,294,"transfer",6342
5,172,842,"transfer",2590
6,172,764,"transfer",4529
7,173,578,"transfer",2166
8,173,659,"transfer",5436
9,173,746,"transfer",5556
10,173,583,"transfer",1088
11,173,272,"transfer",7668
12,174,178,"transfer",7314
13,174,135,"transfer",4994
14,174,261,"transfer",8781
15,174,523,"transfer",3461
16,174,418,"transfer",4611
17,175,621,"transfer",3897
18,175,183,"transfer",9827
19,175,270,"transfer",3638
20,175,353,"transfer",1467
21,175,407,"transfer",9183
22,176,610,"transfer",8250
23,176,57,"transfer",8648
24,176,96,"transfer",1443
25,176,555,"transfer",1504
26,176,968,"transfer",4975
27,177,242,"transfer",5728
28,177,448,"transfer",1387
29,177,578,"transfer",2102
30,177,412,"transfer",2532
31,177,146,"transfer",2003
32,178,268,"transfer",2625
33,178,122,"transfer",9748
34,178,188,"transfer",5911
35,178,921,"transfer",3586
36,178,462,"transfer",1966
37,179,688,"transfer",1027
38,179,166,"transfer",8448
39,179,397,"transfer",7254
40,179,384,"transfer",6653
41,179,900,"transfer",8465
42,180,855,"transfer",8766
43,180,984,"transfer",7673
44,180,352,"transfer",7280
45,180,135,"transfer",5825
46,180,417,"transfer",4868
47,181,803,"transfer",2471
48,181,567,"transfer",7846
49,181,23,"transfer",3418
50,181,524,"transfer",2229
51,181,740,"transfer",3974
52,182,556,"transfer",7383
53,182,370,"transfer",5993
54,182,975,"transfer",1830
55,182,299,"transfer",2466
56,182,453,"transfer",3637
57,183,327,"transfer",3207
58,183,125,"transfer",4742
59,183,85,"transfer",1864
60,183,754,"transfer",6347
61,183,207,"transfer",6915
62,184,218,"transfer",1789
63,184,330,"transfer",7100
64,184,612,"transfer",5651
65,184,659,"transfer",5207
66,184,888,"transfer",9887
67,185,583,"transfer",4761
68,185,310,"transfer",1293
69,185,222,"transfer",8216
70,185,255,"transfer",7784
71,185,221,"transfer",4410
72,186,294,"transfer",7214
73,186,589,"transfer",7835
74,186,918,"transfer",1752
75,186,10,"transfer",7883
76,186,865,"transfer",4363
77,187,796,"transfer",4079
78,187,726,"transfer",3701
79,187,359,"transfer",5398
80,187,273,"transfer",5583
81,187,374,"transfer",7797
82,188,926,"transfer",3851
83,188,63,"transfer",3733
84,188,183,"transfer",3683
85,188,463,"transfer",7698
86,188,581,"transfer",8152
87,189,797,"transfer",3418
88,189,697,"transfer",3141
89,189,478,"transfer",6530
90,189,687,"transfer",9355
91,189,602,"transfer",7998
92,190,117,"transfer",3385
93,190,187,"transfer",8637
94,190,555,"transfer",9752
95,190,56,"transfer",1698
96,190,28,"transfer",1231
97,191,842,"transfer",4528
98,191,926,"transfer",6038
99,191,716,"transfer",9883
100,191,212,"transfer",3574
101,191,329,"transfer",7814
102,192,495,"transfer",2749
103,192,273,"transfer",7583
104,192,331,"transfer",6516
105,192,122,"transfer",9622
106,192,76,"transfer",2277
107,193,405,"transfer",2393
108,193,118,"transfer",2490
109,193,88,"transfer",6222
110,193,968,"transfer",6184
111,193,711,"transfer",9239
112,194,281,"transfer",9895
113,194,751,"transfer",8903
114,194,860,"transfer",1356
115,194,807,"transfer",2567
116,194,299,"transfer",1585
117,195,584,"transfer",6208
118,195,804,"transfer",2117
119,195,870,"transfer",1841
120,195,232,"transfer",3047
121,195,153,"transfer",8038
122,196,844,"transfer",1827
123,196,66,"transfer",7765
124,196,301,"transfer",8812
125,196,380,"transfer",4548
126,196,412,"transfer",6538
127,197,76,"transfer",6973
128,197,724,"transfer",7297
129,197,236,"transfer",2936
130,197,473,"transfer",1291
131,197,387,"transfer",3518
132,198,975,"transfer",4489
133,198,595,"transfer",3657
134,198,8,"transfer",1976
135,198,57,"transfer",9744
136,198,155,"transfer",5423
137,199,88,"transfer",5722
138,199,878,"transfer",9662
139,199,230,"transfer",6620
140,199,140,"transfer",6801
141,199,114,"transfer",5930
142,200,851,"transfer",9626
143,200,439,"transfer",3568
144,200,394,"transfer",3005
145,200,872,"transfer",9050
146,200,264,"transfer",7899
147,201,635,"transfer",8760
148,201,871,"transfer",4396
149,201,831,"transfer",4455
150,201,842,"transfer",3929
151,201,856,"transfer",8174
152,202,510,"transfer",9268
153,202,616,"transfer",2782
154,202,241,"transfer",2837
155,202,390,"transfer",3240
156,202,101,"transfer",9620
157,203,287,"transfer",8085
158,203,677,"transfer",3548
159,203,962,"transfer",9136
160,203,102,"transfer",7646
161,203,746,"transfer",4208
162,204,683,"transfer",9680
163,204,575,"transfer",3889
164,204,681,"transfer",3317
165,204,207,"transfer",7249
166,204,281,"transfer",7140
167,205,980,"transfer",6602
168,205,66,"transfer",3573
169,205,135,"transfer",4026
170,205,473,"transfer",6617
171,205,71,"transfer",3524
172,206,226,"transfer",8788
173,206,379,"transfer",8541
174,206,135,"transfer",8825
175,206,80,"transfer",1920
176,206,844,"transfer",6885
177,207,359,"transfer",6552
178,207,8,"transfer",8491
179,207,646,"transfer",2655
180,207,636,"transfer",9567
181,207,310,"transfer",7828
182,208,559,"transfer",4267
183,208,352,"transfer",3137
184,208,872,"transfer",2271
185,208,550,"transfer",6906
186,208,801,"transfer",9307
187,209,407,"transfer",5709
188,209,868,"transfer",4681
189,209,599,"transfer",8949
190,209,6,"transfer",5197
191,209,78,"transfer",5593
192,210,726,"transfer",8304
193,210,326,"transfer",4149
194,210,976,"transfer",4140
195,210,7,"transfer",7972
196,210,56,"transfer",4900
197,211,289,"transfer",3220
198,211,242,"transfer",6896
199,211,730,"transfer",4709
200,211,509,"transfer",1829
201,211,493,"transfer",5991
202,212,13,"transfer",7473
203,212,764,"transfer",8954
204,212,335,"transfer",3976
205,212,145,"transfer",8379
206,212,796,"transfer",7515
207,213,314,"transfer",2979
208,213,788,"transfer",4711
209,213,591,"transfer",6994
210,213,135,"transfer",6673
211,213,229,"transfer",7431
212,214,387,"transfer",4211
213,214,511,"transfer",6823
214,214,27,"transfer",1215
215,214,699,"transfer",4127
216,214,634,"transfer",5861
217,215,662,"transfer",6462
218,215,169,"transfer",6019
219,215,420,"transfer",6762
220,215,804,"transfer",8966
221,215,607,"transfer",1921
222,216,610,"transfer",4020
223,216,674,"transfer",5369
224,216,76,"transfer",2500
225,216,787,"transfer",8865
226,216,821,"transfer",2688
227,217,330,"transfer",8500
228,217,288,"transfer",3223
229,217,550,"transfer",9325
230,217,607,"transfer",7965
231,217,403,"transfer",5083
232,218,560,"transfer",7017
233,218,312,"transfer",7996
234,218,799,"transfer",5089
235,218,280,"transfer",7756
236,218,595,"transfer",9052
237,219,85,"transfer",2941
238,219,19,"transfer",7956
239,219,163,"transfer",1303
240,219,397,"transfer",9856
241,219,184,"transfer",2645
242,220,340,"transfer",7973
243,220,441,"transfer",5145
244,220,893,"transfer",2310
245,220,929,"transfer",1448
246,220,994,"transfer",4667
247,221,272,"transfer",2351
248,221,555,"transfer",8541
249,221,206,"transfer",8653
250,221,213,"transfer",5302
251,221,202,"transfer",9778
252,222,154,"transfer",3280
253,222,437,"transfer",7852
254,222,274,"transfer",8478
255,222,695,"transfer",3526
256,222,387,"transfer",2641
257,223,499,"transfer",8387
258,223,981,"transfer",9428
259,223,699,"transfer",8481
260,223,505,"transfer",4589
261,223,124,"transfer",7197
262,224,624,"transfer",8184
263,224,259,"transfer",6424
264,224,602,"transfer",1746
265,224,944,"transfer",7202
266,224,730,"transfer",1668
267,225,801,"transfer",3056
268,225,620,"transfer",6240
269,225,560,"transfer",4133
270,225,56,"transfer",9300
271,225,699,"transfer",8270
272,226,842,"transfer",6648
273,226,340,"transfer",5755
274,226,465,"transfer",2237
275,226,904,"transfer",3326
276,226,487,"transfer",5064
277,227,317,"transfer",5439
278,227,397,"transfer",4634
279,227,922,"transfer",1050
280,227,292,"transfer",4927
281,227,778,"transfer",2021
282,228,458,"transfer",5054
283,228,387,"transfer",8982
284,228,126,"transfer",3459
285,228,901,"transfer",3068
286,228,724,"transfer",5620
287,229,654,"transfer",9594
288,229,744,"transfer",8913
289,229,79,"transfer",5227
290,229,285,"transfer",5543
291,229,50,"transfer",6384
292,230,926,"transfer",1861
293,230,626,"transfer",2878
294,230,439,"transfer",9239
295,230,481,"transfer",1015
296,230,235,"transfer",6959
297,231,412,"transfer",9560
298,231,130,"transfer",9994
299,231,535,"transfer",7451
300,231,95,"transfer",4836
301,231,104,"transfer",6701
302,232,126,"transfer",3107
303,232,584,"transfer",7371
304,232,933,"transfer",1642
305,232,624,"transfer",9883
306,232,202,"transfer",8151
307,233,759,"transfer",4434
308,233,4,"transfer",2463
309,233,534,"transfer",3653
310,233,80,"transfer",2197
311,233,120,"transfer",1074
312,234,623,"transfer",5010
313,234,728,"transfer",3812
314,234,847,"transfer",3013
315,234,407,"transfer",6123
316,234,439,"transfer",4566
317,235,523,"transfer",7434
318,235,351,"transfer",7966
319,235,691,"transfer",8087
320,235,732,"transfer",6436
321,235,347,"transfer",6699
322,236,814,"transfer",5735
323,236,618,"transfer",9947
324,236,17,"transfer",8840
325,236,135,"transfer",7326
326,236,181,"transfer",4432
327,237,801,"transfer",3418
328,237,777,"transfer",6617
329,237,166,"transfer",3716
330,237,646,"transfer",8014
331,237,836,"transfer",3097
332,238,66,"transfer",9019
333,238,406,"transfer",1885
334,238,559,"transfer",2893
335,238,387,"transfer",9090
336,238,981,"transfer",6580
337,239,8,"transfer",1585
338,239,795,"transfer",9131
339,239,276,"transfer",8872
340,239,356,"transfer",8186
341,239,717,"transfer",4752
342,240,104,"transfer",5410
343,240,614,"transfer",8917
344,240,380,"transfer",4951
345,240,606,"transfer",7830
346,240,645,"transfer",1576
347,241,29,"transfer",3503
348,241,463,"transfer",7886
349,241,532,"transfer",8417
350,241,642,"transfer",6085
351,241,17,"transfer",3903
352,242,136,"transfer",7377
353,242,80,"transfer",6522
354,242,929,"transfer",3098
355,242,141,"transfer",9023
356,242,135,"transfer",4593
357,243,342,"transfer",3754
358,243,937,"transfer",3917
359,243,693,"transfer",7138
360,243,420,"transfer",7704
361,243,412,"transfer",8360
362,244,447,"transfer",7835
363,244,804,"transfer",7730
364,244,494,"transfer",8039
365,244,412,"transfer",2902
366,244,50,"transfer",4612
367,245,960,"transfer",5130
368,245,858,"transfer",8423
369,245,942,"transfer",8137
370,245,495,"transfer",9565
371,245,228,"transfer",7590
372,246,777,"transfer",8477
373,246,732,"transfer",5051
374,246,59,"transfer",8484
375,246,746,"transfer",3062
376,246,21,"transfer",9083
377,247,88,"transfer",1925
378,247,807,"transfer",4404
379,247,514,"transfer",6269
380,247,934,"transfer",8402
381,247,493,"transfer",7316
382,248,412,"transfer",2105
383,248,973,"transfer",5136
384,248,320,"transfer",6197
385,248,258,"transfer",8612
386,248,383,"transfer",9279
387,249,54,"transfer",4300
388,249,350,"transfer",8990
389,249,579,"transfer",6766
390,249,561,"transfer",7508
391,249,205,"transfer",2841
392,250,364,"transfer",1504
393,250,58,"transfer",8419
394,250,683,"transfer",2835
395,250,670,"transfer",9686
396,250,40,"transfer",2414
397,251,660,"transfer",7216
398,251,314,"transfer",8704
399,251,870,"transfer",5160
400,251,387,"transfer",2543
401,251,259,"transfer",9355
402,252,225,"transfer",7331
403,252,383,"transfer",3980
404,252,397,"transfer",4115
405,252,127,"transfer",3130
406,252,926,"transfer",9111
407,253,236,"transfer",7813
408,253,166,"transfer",9088
409,253,577,"transfer",8542
410,253,666,"transfer",1564
411,253,871,"transfer",2662
412,254,188,"transfer",5445
413,254,587,"transfer",6460
414,254,876,"transfer",1958
415,254,50,"transfer",8549
416,254,380,"transfer",2265
417,255,790,"transfer",3482
418,255,590,"transfer",6833
419,255,57,"transfer",8953
420,255,891,"transfer",5889
421,255,670,"transfer",6551
422,256,981,"transfer",4231
423,256,397,"transfer",1988
424,256,253,"transfer",4847
425,256,874,"transfer",8211
426,256,867,"transfer",6908
427,257,368,"transfer",2937
428,257,437,"transfer",3758
429,257,713,"transfer",5931
430,257,387,"transfer",6332
431,257,259,"transfer",6858
432,258,677,"transfer",6343
433,258,78,"transfer",4853
434,258,515,"transfer",9019
435,258,88,"transfer",3483
436,258,190,"transfer",8098
437,259,387,"transfer",4462
438,259,190,"transfer",4884
439,259,305,"transfer",5435
440,259,4,"transfer",8642
441,259,102,"transfer",4540
442,260,24,"transfer",4024
443,260,934,"transfer",4993
444,260,920,"transfer",8886
445,260,454,"transfer",9293
446,260,772,"transfer",8668
447,261,145,"transfer",5871
448,261,918,"transfer",4818
449,261,948,"transfer",9659
450,261,802,"transfer",7834
451,261,461,"transfer",2691
452,262,10,"transfer",3446
453,262,19,"transfer",4394
454,262,50,"transfer",2487
455,262,564,"transfer",7795
456,262,716,"transfer",7197
457,263,519,"transfer",5813
458,263,40,"transfer",1507
459,263,693,"transfer",8189
460,263,856,"transfer",9663
461,263,388,"transfer",5227
462,264,12,"transfer",6904
463,264,74,"transfer",3291
464,264,555,"transfer",6037
465,264,944,"transfer",2545
466,264,751,"transfer",3490
467,265,892,"transfer",7626
468,265,807,"transfer",7716
469,265,369,"transfer",8027
470,265,559,"transfer",1703
471,265,958,"transfer",2619
472,266,181,"transfer",6542
473,266,534,"transfer",9425
474,266,70,"transfer",6225
475,266,545,"transfer",3209
476,266,830,"transfer",8030
477,267,205,"transfer",7332
478,267,102,"transfer",5882
479,267,294,"transfer",5889
480,267,313,"transfer",9666
481,267,565,"transfer",4313
482,268,155,"transfer",7216
483,268,94,"transfer",9275
484,268,837,"transfer",5452
485,268,372,"transfer",1795
486,268,891,"transfer",1185
487,269,775,"transfer",2475
488,269,519,"transfer",2781
489,269,759,"transfer",6600
490,269,52,"transfer",1782
491,269,980,"transfer",5503
492,270,495,"transfer",9638
493,270,771,"transfer",7353
494,270,469,"transfer",2162
495,270,407,"transfer",8054
496,270,724,"transfer",6061
497,271,419,"transfer",1426
498,271,593,"transfer",5519
499,271,66,"transfer",8527
500,271,518,"transfer",1308
501,271,276,"transfer",6349
502,272,788,"transfer",4982
503,272,840,"transfer",4618
504,272,607,"transfer",3505
505,272,466,"transfer",3620
506,272,140,"transfer",4956
507,273,811,"transfer",2247
508,273,233,"transfer",8966
509,273,871,"transfer",5949
510,273,388,"transfer",5488
511,273,94,"transfer",9501
512,274,835,"transfer",5986
513,274,893,"transfer",5805
514,274,865,"transfer",7987
515,274,355,"transfer",3367
516,274,78,"transfer",6421
517,275,356,"transfer",7643
518,275,584,"transfer",6700
519,275,406,"transfer",8562
520,275,209,"transfer",6167
521,275,27,"transfer",6297
522,276,160,"transfer",3903
523,276,208,"transfer",4692
524,276,631,"transfer",6087
525,276,66,"transfer",3753
526,276,258,"transfer",2515
527,277,330,"transfer",7404
528,277,519,"transfer",8336
529,277,290,"transfer",5633
530,277,793,"transfer",8020
531,277,243,"transfer",8029
532,278,970,"transfer",4849
533,278,600,"transfer",6867
535,278,166,"transfer",1098
536,278,627,"transfer",6934
537,279,934,"transfer",6258
538,279,627,"transfer",3170
539,279,920,"transfer",6468
540,279,620,"transfer",1530
541,279,310,"transfer",7306
542,280,596,"transfer",6687
543,280,205,"transfer",3898
544,280,273,"transfer",6508
545,280,12,"transfer",5374
546,280,612,"transfer",8465
547,281,400,"transfer",5532
548,281,675,"transfer",8422
549,281,845,"transfer",8200
550,281,803,"transfer",1726
551,281,642,"transfer",4893
552,282,466,"transfer",2588
553,282,178,"transfer",9124
554,282,974,"transfer",6936
555,282,309,"transfer",7796
556,282,678,"transfer",2686
557,283,584,"transfer",8954
558,283,934,"transfer",1670
560,283,414,"transfer",9131
561,1000,921,"transfer",9103
562,1000,662,"transfer",8402
563,1000,506,"transfer",4574
564,1000,366,"transfer",5671
565,1000,140,"transfer",4025
566,1,672,"transfer",5013
567,1,584,"transfer",5900
568,1,259,"transfer",4983
569,1,644,"transfer",7203
570,1,418,"transfer",1490
571,2,833,"transfer",2446
572,2,840,"transfer",5437
573,2,493,"transfer",6781
574,2,693,"transfer",2498
575,2,546,"transfer",2422
576,3,175,"transfer",3179
577,3,470,"transfer",5474
578,3,352,"transfer",1379
579,3,579,"transfer",2489
580,3,85,"transfer",8934
581,4,330,"transfer",1278
582,4,646,"transfer",2945
583,4,263,"transfer",3405
584,4,403,"transfer",6840
585,4,856,"transfer",4247
586,5,562,"transfer",4479
587,5,693,"transfer",2898
588,5,595,"transfer",6799
589,5,513,"transfer",7842
590,5,744,"transfer",5126
591,6,457,"transfer",1824
592,6,614,"transfer",5303
593,6,327,"transfer",6946
594,6,140,"transfer",2591
595,6,580,"transfer",1574
596,7,380,"transfer",1429
597,7,338,"transfer",2931
598,7,891,"transfer",8815
599,7,722,"transfer",8196
600,7,58,"transfer",9523
601,8,150,"transfer",2699
602,8,333,"transfer",8062
603,8,292,"transfer",4656
604,8,757,"transfer",4590
605,8,831,"transfer",4469
606,9,177,"transfer",3624
607,9,493,"transfer",5308
608,9,388,"transfer",6890
609,9,915,"transfer",3158
610,9,441,"transfer",7327
611,10,54,"transfer",3793
612,10,478,"transfer",8012
613,10,745,"transfer",8774
614,10,491,"transfer",5059
615,10,856,"transfer",5882
616,11,730,"transfer",5182
617,11,131,"transfer",8453
618,11,468,"transfer",8420
619,11,756,"transfer",6215
620,11,88,"transfer",5501
621,12,534,"transfer",2684
622,12,633,"transfer",2075
623,12,740,"transfer",9344
624,12,524,"transfer",4308
625,12,458,"transfer",8097
626,13,778,"transfer",6250
627,13,959,"transfer",5184
628,13,19,"transfer",9260
629,13,749,"transfer",8177
630,13,970,"transfer",5985
631,14,255,"transfer",9337
632,14,668,"transfer",6401
633,14,383,"transfer",1970
634,14,688,"transfer",6924
635,14,845,"transfer",1159
636,15,511,"transfer",9700
637,15,534,"transfer",6330
638,15,412,"transfer",9806
639,15,833,"transfer",2233
640,15,208,"transfer",8317
641,16,559,"transfer",5915
642,16,534,"transfer",1255
643,16,830,"transfer",2201
644,16,648,"transfer",4119
645,16,606,"transfer",3155
646,17,348,"transfer",1253
647,17,340,"transfer",5198
648,17,261,"transfer",5459
649,17,418,"transfer",3881
650,17,584,"transfer",7298
651,18,615,"transfer",4393
652,18,662,"transfer",7709
653,18,789,"transfer",6346
654,18,830,"transfer",5144
655,18,276,"transfer",7125
656,19,801,"transfer",1191
657,19,595,"transfer",9533
658,19,261,"transfer",1555
659,19,439,"transfer",2846
660,19,525,"transfer",1544
661,20,110,"transfer",4876
662,20,245,"transfer",2330
663,20,406,"transfer",2325
664,20,582,"transfer",9879
665,20,832,"transfer",7863
666,21,261,"transfer",3248
667,21,352,"transfer",8974
668,21,434,"transfer",5323
669,21,691,"transfer",3394
670,21,980,"transfer",8301
671,22,101,"transfer",9847
672,22,844,"transfer",9525
673,22,635,"transfer",2360
674,22,492,"transfer",2841
675,22,585,"transfer",2795
676,23,435,"transfer",4007
677,23,257,"transfer",4462
678,23,302,"transfer",1901
679,23,528,"transfer",6847
680,23,934,"transfer",8971
681,24,637,"transfer",3853
682,24,207,"transfer",4512
683,24,58,"transfer",1193
684,24,203,"transfer",9367
685,24,523,"transfer",2794
686,25,871,"transfer",9647
687,25,241,"transfer",6914
688,25,226,"transfer",3069
689,25,778,"transfer",1496
690,25,352,"transfer",4201
691,26,125,"transfer",5662
692,26,524,"transfer",9750
693,26,397,"transfer",4893
694,26,872,"transfer",4256
695,26,127,"transfer",2403
696,27,860,"transfer",5538
697,27,91,"transfer",8653
698,27,795,"transfer",9481
699,27,759,"transfer",2380
700,27,118,"transfer",7910
701,28,981,"transfer",4061
702,28,387,"transfer",4125
703,28,934,"transfer",5085
704,28,109,"transfer",5794
705,28,448,"transfer",8111
706,29,890,"transfer",9352
707,29,309,"transfer",1181
708,29,31,"transfer",9405
709,29,407,"transfer",7490
710,29,101,"transfer",5240
711,30,746,"transfer",2110
712,30,309,"transfer",3156
713,30,57,"transfer",9584
714,30,420,"transfer",6059
715,30,89,"transfer",6825
716,31,37,"transfer",6593
717,31,640,"transfer",7137
718,31,865,"transfer",9022
719,31,724,"transfer",5794
720,31,525,"transfer",8246
721,32,462,"transfer",2408
722,32,310,"transfer",3713
723,32,135,"transfer",7583
724,32,818,"transfer",4924
725,32,962,"transfer",7896
726,33,981,"transfer",9910
727,33,83,"transfer",1868
728,33,541,"transfer",1952
729,33,865,"transfer",9858
730,33,805,"transfer",4702
731,34,255,"transfer",8962
732,34,36,"transfer",8264
733,34,494,"transfer",4554
734,34,154,"transfer",9499
735,34,759,"transfer",4626
736,35,559,"transfer",9751
737,35,856,"transfer",3589
738,35,523,"transfer",5408
739,35,656,"transfer",3137
740,35,397,"transfer",3339
741,36,66,"transfer",9095
742,36,340,"transfer",9525
743,36,846,"transfer",1965
744,36,146,"transfer",3313
745,36,304,"transfer",7149
746,37,821,"transfer",2749
747,37,532,"transfer",1782
748,37,899,"transfer",7816
749,37,119,"transfer",7692
750,37,78,"transfer",9760
751,38,687,"transfer",4465
752,38,589,"transfer",1413
753,38,589,"transfer",2954
754,38,764,"transfer",7907
755,38,980,"transfer",8557
756,39,326,"transfer",1636
757,39,846,"transfer",1846
758,39,499,"transfer",9475
759,39,71,"transfer",5173
760,39,659,"transfer",7780
761,40,259,"transfer",9270
762,40,583,"transfer",7504
763,40,825,"transfer",9919
764,40,420,"transfer",4680
765,40,384,"transfer",1872
766,41,619,"transfer",1812
767,41,135,"transfer",4727
768,41,595,"transfer",7659
769,41,383,"transfer",5901
770,41,781,"transfer",9736
771,42,439,"transfer",5991
772,42,232,"transfer",2778
773,42,892,"transfer",6924
774,42,722,"transfer",8498
775,42,559,"transfer",5986
776,43,387,"transfer",2589
777,43,955,"transfer",7792
778,43,644,"transfer",3321
779,43,310,"transfer",1597
780,43,374,"transfer",5319
781,44,740,"transfer",1864
782,44,33,"transfer",8413
783,44,831,"transfer",8401
784,44,482,"transfer",6214
785,44,842,"transfer",3510
786,45,745,"transfer",4440
787,45,850,"transfer",6181
788,45,317,"transfer",4432
789,45,434,"transfer",6186
790,45,719,"transfer",8344
791,46,811,"transfer",6315
792,46,779,"transfer",8918
793,46,210,"transfer",9667
794,46,714,"transfer",9172
795,46,793,"transfer",8716
796,47,791,"transfer",8887
797,47,667,"transfer",6210
798,47,135,"transfer",4194
799,47,380,"transfer",3976
800,47,492,"transfer",8330
801,48,860,"transfer",7986
802,48,581,"transfer",8758
803,48,713,"transfer",6353
804,48,134,"transfer",2791
805,48,793,"transfer",1504
806,49,235,"transfer",2371
807,49,716,"transfer",3463
808,49,371,"transfer",2275
809,49,56,"transfer",7283
810,49,272,"transfer",8196
811,50,301,"transfer",3073
812,50,454,"transfer",1753
813,50,144,"transfer",6743
814,50,8,"transfer",2552
815,50,618,"transfer",2962
816,51,135,"transfer",5349
817,51,743,"transfer",9120
818,51,373,"transfer",7956
819,51,65,"transfer",5858
820,51,279,"transfer",3413
821,52,301,"transfer",8873
822,52,310,"transfer",8053
823,52,114,"transfer",9469
824,52,666,"transfer",2282
825,52,692,"transfer",1442
826,53,783,"transfer",9808
827,53,225,"transfer",3957
828,53,191,"transfer",2959
829,53,856,"transfer",8907
830,53,448,"transfer",3400
831,54,441,"transfer",9391
832,54,778,"transfer",3663
834,54,677,"transfer",9428
835,54,140,"transfer",8279
836,55,654,"transfer",7628
837,55,624,"transfer",9532
839,55,781,"transfer",7969
840,55,463,"transfer",1818
841,56,451,"transfer",3613
842,56,591,"transfer",3019
843,56,617,"transfer",7378
845,56,411,"transfer",1531
846,57,339,"transfer",3617
847,57,449,"transfer",2743
848,57,407,"transfer",4129
849,57,877,"transfer",2801
851,58,327,"transfer",1885
852,58,469,"transfer",8688
853,58,904,"transfer",6436
854,58,299,"transfer",8675
855,58,406,"transfer",4935
856,59,795,"transfer",9239
857,59,330,"transfer",5451
858,59,738,"transfer",7285
859,59,670,"transfer",7676
860,59,317,"transfer",9106
861,60,400,"transfer",2500
862,60,506,"transfer",7536
863,60,527,"transfer",9333
864,60,690,"transfer",7149
865,60,135,"transfer",3998
866,61,948,"transfer",8224
867,61,643,"transfer",2672
868,61,647,"transfer",6277
869,61,539,"transfer",8632
870,61,241,"transfer",2395
871,62,458,"transfer",2463
872,62,381,"transfer",4766
873,62,313,"transfer",4772
874,62,387,"transfer",5198
875,62,583,"transfer",3419
876,63,139,"transfer",1692
877,63,478,"transfer",8748
878,63,188,"transfer",2556
879,63,934,"transfer",8282
880,63,125,"transfer",5830
881,64,708,"transfer",8029
882,64,906,"transfer",5884
883,64,475,"transfer",4839
884,64,961,"transfer",8083
885,64,881,"transfer",9818
886,65,135,"transfer",8822
887,65,904,"transfer",7363
888,65,606,"transfer",1408
889,65,918,"transfer",3511
890,65,614,"transfer",2049
891,66,892,"transfer",9691
892,66,644,"transfer",9984
893,66,397,"transfer",2383
894,66,759,"transfer",5114
895,66,821,"transfer",2383
896,67,194,"transfer",6412
897,67,720,"transfer",8750
898,67,803,"transfer",7776
899,67,146,"transfer",5330
900,67,559,"transfer",7926
901,68,281,"transfer",7562
902,68,309,"transfer",4559
903,68,338,"transfer",3597
904,68,167,"transfer",5896
905,68,330,"transfer",4260
906,69,89,"transfer",3796
907,69,414,"transfer",9714
908,69,634,"transfer",1687
909,69,177,"transfer",1824
910,69,862,"transfer",1276
911,70,316,"transfer",6406
912,70,560,"transfer",7927
913,70,931,"transfer",4582
914,70,970,"transfer",2960
915,70,207,"transfer",5724
916,71,998,"transfer",4297
917,71,29,"transfer",8338
918,71,118,"transfer",9833
919,71,366,"transfer",5432
920,71,975,"transfer",5798
921,72,499,"transfer",8445
922,72,752,"transfer",5993
923,72,264,"transfer",9470
924,72,57,"transfer",2613
925,72,933,"transfer",5679
926,73,576,"transfer",4792
927,73,348,"transfer",5662
928,73,519,"transfer",2896
929,73,444,"transfer",9636
930,73,309,"transfer",6347
931,74,970,"transfer",9460
932,74,4,"transfer",5300
933,74,272,"transfer",4190
934,74,601,"transfer",8535
935,74,534,"transfer",5077
936,75,423,"transfer",4336
937,75,2,"transfer",6316
938,75,583,"transfer",6009
939,75,356,"transfer",9813
940,75,404,"transfer",3146
941,76,359,"transfer",3643
942,76,525,"transfer",2261
943,76,342,"transfer",8496
944,76,830,"transfer",9568
945,76,519,"transfer",2359
946,77,860,"transfer",2742
947,77,920,"transfer",5387
948,77,458,"transfer",8762
949,77,982,"transfer",6251
950,77,380,"transfer",1657
951,78,289,"transfer",7482
952,78,412,"transfer",6867
953,78,579,"transfer",5564
954,78,231,"transfer",1793
955,78,778,"transfer",9658
956,79,214,"transfer",2084
957,79,233,"transfer",1954
958,79,140,"transfer",8857
959,79,225,"transfer",8721
960,79,738,"transfer",4746
961,80,784,"transfer",1346
962,80,13,"transfer",3949
963,80,974,"transfer",4671
964,80,325,"transfer",8909
965,80,359,"transfer",3710
966,81,732,"transfer",4048
967,81,50,"transfer",6823
968,81,219,"transfer",6927
969,81,274,"transfer",1976
970,81,461,"transfer",9078
971,82,6,"transfer",5294
972,82,299,"transfer",9865
973,82,70,"transfer",7312
974,82,644,"transfer",1832
975,82,241,"transfer",6369
976,83,181,"transfer",7420
977,83,466,"transfer",8559
978,83,579,"transfer",6282
979,83,406,"transfer",6815
980,83,228,"transfer",8507
981,84,146,"transfer",9557
982,84,50,"transfer",1241
983,84,694,"transfer",8602
984,84,466,"transfer",9622
985,84,763,"transfer",8111
986,85,608,"transfer",3369
987,85,387,"transfer",1937
988,85,742,"transfer",10000
989,85,674,"transfer",2238
990,85,904,"transfer",3898
991,86,416,"transfer",8032
992,86,597,"transfer",3379
993,86,962,"transfer",1319
994,86,601,"transfer",3931
995,86,274,"transfer",1012
996,87,54,"transfer",3833
997,87,534,"transfer",6765
998,87,534,"transfer",4643
999,87,601,"transfer",2686
1000,87,81,"transfer",8889
1001,88,569,"transfer",1143
1002,88,235,"transfer",6146
1003,88,222,"transfer",4262
1004,88,88,"transfer",4478
1005,88,980,"transfer",4829
1006,89,891,"transfer",9354
1007,89,796,"transfer",7768
1008,89,914,"transfer",8243
1009,89,387,"transfer",8940
1010,89,458,"transfer",3175
1011,90,720,"transfer",5796
1012,90,724,"transfer",8843
1013,90,643,"transfer",7559
1014,90,290,"transfer",2380
1015,90,167,"transfer",7977
1016,91,821,"transfer",8726
1017,91,542,"transfer",7956
1018,91,222,"transfer",8136
1019,91,440,"transfer",5257
1020,91,255,"transfer",3064
1021,92,225,"transfer",5311
1022,92,920,"transfer",6272
1023,92,481,"transfer",7644
1024,92,865,"transfer",8370
1025,92,794,"transfer",9346
1026,93,261,"transfer",6733
1027,93,460,"transfer",5269
1028,93,851,"transfer",1505
1029,93,897,"transfer",7886
1030,93,850,"transfer",3355
1031,94,737,"transfer",1261
1032,94,720,"transfer",5071
1033,94,742,"transfer",2675
1034,94,289,"transfer",5879
1035,94,135,"transfer",1601
1036,95,301,"transfer",7149
1037,95,877,"transfer",5026
1038,95,509,"transfer",5518
1039,95,118,"transfer",8650
1040,95,175,"transfer",8469
1041,96,51,"transfer",5716
1042,96,884,"transfer",6329
1043,96,352,"transfer",2012
1044,96,521,"transfer",3955
1045,96,337,"transfer",1686
1046,97,811,"transfer",8308
1047,97,706,"transfer",5733
1048,97,678,"transfer",9957
1049,97,222,"transfer",1555
1050,97,981,"transfer",5030
1051,98,564,"transfer",6220
1052,98,397,"transfer",7201
1053,98,579,"transfer",1331
1054,98,682,"transfer",2310
1055,98,791,"transfer",8781
1056,99,548,"transfer",4813
1057,99,265,"transfer",6337
1058,99,643,"transfer",9833
1059,99,459,"transfer",2408
1060,99,155,"transfer",3053
1061,100,666,"transfer",7594
1062,100,804,"transfer",6295
1063,100,752,"transfer",9139
1064,100,559,"transfer",5907
1065,100,756,"transfer",8397
1066,101,118,"transfer",7411
1067,101,134,"transfer",7688
1068,101,443,"transfer",5332
1069,101,794,"transfer",5046
1070,101,418,"transfer",1751
1071,102,352,"transfer",4399
1072,102,581,"transfer",4303
1073,102,681,"transfer",4939
1074,102,919,"transfer",7285
1075,102,2,"transfer",6328
1076,103,387,"transfer",7928
1077,103,552,"transfer",7167
1078,103,399,"transfer",4740
1079,103,871,"transfer",7653
1080,103,72,"transfer",2515
1081,104,312,"transfer",7932
1082,104,205,"transfer",8487
1083,104,51,"transfer",9314
1084,104,685,"transfer",2708
1085,104,771,"transfer",5140
1086,105,640,"transfer",9021
1087,105,255,"transfer",4525
1088,105,118,"transfer",7023
1089,105,890,"transfer",6547
1090,105,602,"transfer",7960
1091,106,174,"transfer",7564
1092,106,628,"transfer",8211
1093,106,411,"transfer",1597
1094,106,830,"transfer",4363
1095,106,274,"transfer",1526
1096,107,669,"transfer",1962
1097,107,920,"transfer",6284
1098,107,327,"transfer",6011
1099,107,207,"transfer",1151
1100,107,218,"transfer",9922
1101,108,85,"transfer",6945
1102,108,785,"transfer",2510
1103,108,746,"transfer",7416
1104,108,690,"transfer",4522
1105,108,616,"transfer",9022
1106,109,559,"transfer",4534
1107,109,982,"transfer",7673
1108,109,407,"transfer",2268
1109,109,579,"transfer",7613
1110,109,264,"transfer",6555
1111,110,351,"transfer",2523
1112,110,699,"transfer",6264
1113,110,73,"transfer",4642
1114,110,588,"transfer",3617
1115,110,203,"transfer",2867
1116,111,292,"transfer",1740
1117,111,920,"transfer",3622
1118,111,313,"transfer",2143
1119,111,91,"transfer",8645
1120,111,676,"transfer",8494
1121,112,272,"transfer",9439
1122,112,597,"transfer",9532
1123,112,436,"transfer",9150
1124,112,35,"transfer",4393
1126,113,330,"transfer",9425
1127,113,279,"transfer",3552
1128,113,532,"transfer",5208
1129,113,906,"transfer",9689
1130,113,457,"transfer",4012
1132,114,123,"transfer",9027
1133,114,478,"transfer",3846
1134,114,865,"transfer",8674
1135,114,801,"transfer",2562
1136,115,272,"transfer",7927
1138,115,535,"transfer",6412
1139,115,171,"transfer",8243
1140,115,927,"transfer",2062
1141,116,727,"transfer",7280
1142,116,238,"transfer",6903
1143,116,340,"transfer",9584
1144,116,778,"transfer",8513
1145,116,716,"transfer",6627
1146,117,323,"transfer",4916
1147,117,823,"transfer",8322
1148,117,301,"transfer",5279
1149,117,664,"transfer",9917
1150,117,312,"transfer",1993
1151,118,388,"transfer",9302
1152,118,40,"transfer",4339
1153,118,640,"transfer",6856
1154,118,840,"transfer",7864
1155,118,525,"transfer",1581
1156,119,743,"transfer",1207
1157,119,361,"transfer",7628
1158,119,264,"transfer",2466
1159,119,710,"transfer",9208
1160,119,420,"transfer",9451
1161,120,791,"transfer",8356
1162,120,330,"transfer",3251
1163,120,50,"transfer",3932
1164,120,804,"transfer",5877
1165,120,840,"transfer",5113
1166,121,722,"transfer",9522
1167,121,562,"transfer",4082
1168,121,94,"transfer",3226
1169,121,255,"transfer",3747
1170,121,221,"transfer",2737
1171,122,27,"transfer",6000
1172,122,606,"transfer",2791
1173,122,495,"transfer",9829
1174,122,640,"transfer",1521
1175,122,140,"transfer",3711
1176,123,95,"transfer",7439
1177,123,130,"transfer",7666
1178,123,194,"transfer",7519
1179,123,524,"transfer",4660
1180,123,624,"transfer",7501
1181,124,135,"transfer",1138
1182,124,730,"transfer",3559
1183,124,807,"transfer",4640
1184,124,807,"transfer",4235
1185,124,413,"transfer",7994
1186,125,29,"transfer",1790
1187,125,210,"transfer",2835
1188,125,971,"transfer",3335
1189,125,94,"transfer",7857
1190,125,352,"transfer",5312
1191,126,566,"transfer",6368
1192,126,559,"transfer",7740
1193,126,571,"transfer",2072
1194,126,699,"transfer",4285
1195,126,4,"transfer",3351
1196,127,693,"transfer",7223
1197,127,284,"transfer",7938
1198,127,49,"transfer",5617
1199,127,931,"transfer",6582
1200,127,593,"transfer",6141
1201,128,203,"transfer",3955
1202,128,992,"transfer",7069
1203,128,140,"transfer",4505
1204,128,536,"transfer",7020
1205,128,256,"transfer",2692
1206,129,741,"transfer",9940
1207,129,171,"transfer",8238
1208,129,821,"transfer",7721
1209,129,60,"transfer",6142
1210,129,359,"transfer",2543
1211,130,858,"transfer",3012
1212,130,263,"transfer",4262
1213,130,326,"transfer",8799
1214,130,399,"transfer",4236
1215,130,590,"transfer",6558
1216,131,724,"transfer",1342
1217,131,774,"transfer",3427
1218,131,301,"transfer",8915
1219,131,732,"transfer",9276
1220,131,637,"transfer",2528
1221,132,327,"transfer",9003
1222,132,365,"transfer",4621
1223,132,612,"transfer",9879
1224,132,842,"transfer",6707
1225,132,566,"transfer",6781
1226,133,918,"transfer",9573
1227,133,175,"transfer",1194
1228,133,920,"transfer",9111
1229,133,179,"transfer",5849
1230,133,843,"transfer",3123
1231,134,25,"transfer",5444
1232,134,894,"transfer",1907
1233,134,387,"transfer",9812
1234,134,786,"transfer",4285
1235,134,22,"transfer",6866
1236,135,874,"transfer",9307
1237,135,328,"transfer",3355
1238,135,152,"transfer",6474
1239,135,934,"transfer",4884
1240,135,498,"transfer",5503
1241,136,143,"transfer",9380
1242,136,510,"transfer",3786
1243,136,292,"transfer",9380
1244,136,636,"transfer",1163
1245,136,525,"transfer",3682
1246,137,413,"transfer",7575
1247,137,651,"transfer",6959
1248,137,685,"transfer",1683
1249,137,420,"transfer",2220
1250,137,274,"transfer",6822
1251,138,143,"transfer",2967
1252,138,380,"transfer",2766
1253,138,772,"transfer",7962
1254,138,144,"transfer",1184
1255,138,570,"transfer",3930
1256,139,981,"transfer",6339
1257,139,492,"transfer",5821
1258,139,801,"transfer",4145
1259,139,903,"transfer",8881
1260,139,536,"transfer",9176
1261,140,261,"transfer",6551
1262,140,754,"transfer",4443
1263,140,756,"transfer",3662
1264,140,890,"transfer",3870
1265,140,165,"transfer",2318
1266,141,469,"transfer",9665
1267,141,412,"transfer",5043
1268,141,109,"transfer",3981
1269,141,981,"transfer",8860
1270,141,738,"transfer",9411
1271,142,835,"transfer",8031
1272,142,222,"transfer",5355
1273,142,553,"transfer",8771
1274,142,836,"transfer",6715
1275,142,788,"transfer",8129
1276,143,101,"transfer",4478
1277,143,439,"transfer",4085
1278,143,699,"transfer",3459
1279,143,352,"transfer",4581
1280,143,777,"transfer",3871
1281,144,94,"transfer",3783
1282,144,63,"transfer",1285
1283,144,175,"transfer",9803
1284,144,618,"transfer",2061
1285,144,390,"transfer",6191
1286,145,177,"transfer",3893
1287,145,892,"transfer",1051
1288,145,736,"transfer",5222
1289,145,981,"transfer",4241
1290,145,404,"transfer",8395
1291,146,601,"transfer",9469
1292,146,553,"transfer",8020
1293,146,548,"transfer",8977
1294,146,801,"transfer",2410
1295,146,32,"transfer",9615
1296,147,212,"transfer",8270
1297,147,139,"transfer",7037
1298,147,836,"transfer",7540
1299,147,801,"transfer",3028
1300,147,807,"transfer",5900
1301,148,490,"transfer",7668
1302,148,620,"transfer",4444
1303,148,560,"transfer",9359
1304,148,673,"transfer",5999
1305,148,860,"transfer",9394
1306,149,691,"transfer",5711
1307,149,317,"transfer",6816
1308,149,352,"transfer",9621
1309,149,249,"transfer",5847
1310,149,310,"transfer",1904
1311,150,58,"transfer",4842
1312,150,801,"transfer",3749
1313,150,395,"transfer",6805
1314,150,417,"transfer",7087
1315,150,891,"transfer",6247
1316,151,13,"transfer",2225
1317,151,934,"transfer",6968
1318,151,387,"transfer",8507
1319,151,921,"transfer",1628
1320,151,499,"transfer",9766
1321,152,491,"transfer",6492
1322,152,125,"transfer",5346
1323,152,241,"transfer",6685
1324,152,327,"transfer",6678
1325,152,514,"transfer",7606
1326,153,478,"transfer",8580
1327,153,681,"transfer",3595
1328,153,700,"transfer",5926
1329,153,352,"transfer",5495
1330,153,187,"transfer",7487
1331,154,604,"transfer",1070
1332,154,102,"transfer",4784
1333,154,161,"transfer",9355
1334,154,297,"transfer",5428
1335,154,756,"transfer",3466
1336,155,690,"transfer",7525
1337,155,443,"transfer",7513
1338,155,85,"transfer",7292
1339,155,301,"transfer",5527
1340,155,537,"transfer",8989
1341,156,305,"transfer",1166
1342,156,949,"transfer",9050
1343,156,949,"transfer",6681
1344,156,707,"transfer",4218
1345,156,856,"transfer",1801
1346,157,299,"transfer",5992
1347,157,634,"transfer",7349
1348,157,984,"transfer",1783
1349,157,681,"transfer",5305
1350,157,597,"transfer",1123
1351,158,576,"transfer",7262
1352,158,746,"transfer",8007
1353,158,4,"transfer",2885
1354,158,757,"transfer",7343
1355,158,640,"transfer",6963
1356,159,129,"transfer",4253
1357,159,887,"transfer",7138
1358,159,406,"transfer",1823
1359,159,184,"transfer",5152
1360,159,781,"transfer",1483
1361,160,555,"transfer",8781
1362,160,403,"transfer",8891
1363,160,13,"transfer",2168
1364,160,892,"transfer",4111
1365,160,439,"transfer",1032
1366,161,233,"transfer",7219
1367,161,916,"transfer",2163
1368,161,50,"transfer",7654
1369,161,850,"transfer",2565
1370,161,128,"transfer",9320
1371,162,471,"transfer",7964
1372,162,923,"transfer",9575
1373,162,4,"transfer",7325
1374,162,387,"transfer",5667
1375,162,720,"transfer",8786
1376,163,560,"transfer",4677
1377,163,186,"transfer",2829
1378,163,301,"transfer",6168
1379,163,730,"transfer",3361
1380,163,27,"transfer",1135
1381,164,352,"transfer",9883
1382,164,778,"transfer",7508
1383,164,942,"transfer",2696
1384,164,543,"transfer",3408
1385,164,697,"transfer",5276
1386,165,282,"transfer",2438
1387,165,533,"transfer",1081
1388,165,690,"transfer",4776
1389,165,463,"transfer",4573
1390,165,332,"transfer",4318
1391,166,421,"transfer",8629
1392,166,665,"transfer",4706
1393,166,311,"transfer",6082
1394,166,805,"transfer",8502
1395,166,328,"transfer",2572
1396,167,259,"transfer",4221
1397,167,613,"transfer",3979
1398,167,536,"transfer",9614
1399,167,406,"transfer",6309
1400,167,403,"transfer",9875
1401,168,252,"transfer",9655
1402,168,123,"transfer",9546
1403,168,894,"transfer",2693
1404,168,380,"transfer",6291
1405,168,720,"transfer",8647
1406,169,380,"transfer",7296
1407,169,874,"transfer",8436
1408,169,263,"transfer",6825
1409,169,804,"transfer",3502
1410,169,463,"transfer",1192
1411,170,203,"transfer",8790
1413,170,259,"transfer",5287
1414,170,35,"transfer",7095
1415,170,4,"transfer",7544
1416,171,560,"transfer",4839
1417,171,218,"transfer",8803
1419,171,981,"transfer",4305
1420,565,187,"transfer",1330
1421,565,89,"transfer",9461
1422,566,521,"transfer",2870
1423,566,180,"transfer",3343
1424,566,406,"transfer",6913
1425,566,320,"transfer",6536
1426,566,78,"transfer",4014
1427,567,929,"transfer",1778
1428,567,403,"transfer",7279
1429,567,91,"transfer",6808
1430,567,858,"transfer",1166
1431,567,495,"transfer",3139
1432,568,287,"transfer",4981
1433,568,541,"transfer",7358
1434,568,304,"transfer",6334
1435,568,124,"transfer",1466
1436,568,334,"transfer",5272
1437,569,542,"transfer",6829
1438,569,89,"transfer",4470
1439,569,535,"transfer",5312
1440,569,743,"transfer",4727
1441,569,56,"transfer",9519
1442,570,775,"transfer",5755
1443,570,301,"transfer",3597
1444,570,403,"transfer",5516
1445,570,610,"transfer",1835
1446,570,768,"transfer",9361
1447,571,627,"transfer",6929
1448,571,627,"transfer",3731
1449,571,827,"transfer",1383
1450,571,725,"transfer",1547
1451,571,320,"transfer",4955
1452,572,534,"transfer",8570
1453,572,492,"transfer",2775
1454,572,955,"transfer",5019
1455,572,243,"transfer",2127
1456,572,387,"transfer",6373
1457,573,243,"transfer",9208
1458,573,420,"transfer",3036
1459,573,54,"transfer",5127
1460,573,59,"transfer",1091
1461,573,707,"transfer",3492
1462,574,166,"transfer",9527
1463,574,644,"transfer",4207
1464,574,645,"transfer",8066
1465,574,89,"transfer",7098
1466,574,352,"transfer",3529
1467,575,275,"transfer",3118
1468,575,261,"transfer",5631
1469,575,439,"transfer",6726
1470,575,171,"transfer",9444
1471,575,691,"transfer",2310
1472,576,839,"transfer",5307
1473,576,534,"transfer",1915
1474,576,605,"transfer",2862
1475,576,153,"transfer",7269
1476,576,901,"transfer",9018
1477,577,678,"transfer",3254
1478,577,675,"transfer",3040
1479,577,970,"transfer",3011
1480,577,693,"transfer",8731
1481,577,439,"transfer",7506
1482,578,901,"transfer",8820
1483,578,226,"transfer",9966
1484,578,919,"transfer",8105
1485,578,831,"transfer",8068
1486,578,551,"transfer",4456
1487,579,784,"transfer",2812
1488,579,904,"transfer",2196
1489,579,76,"transfer",7553
1490,579,797,"transfer",1828
1491,579,650,"transfer",6459
1492,580,752,"transfer",9105
1493,580,82,"transfer",3631
1494,580,529,"transfer",8766
1495,580,299,"transfer",6271
1496,580,225,"transfer",4129
1497,581,228,"transfer",2395
1498,581,41,"transfer",8883
1499,581,767,"transfer",5450
1500,581,273,"transfer",5052
1501,581,252,"transfer",5052
1502,582,534,"transfer",1908
1503,582,623,"transfer",6401
1504,582,616,"transfer",6797
1505,582,499,"transfer",8550
1506,582,850,"transfer",1300
1507,583,130,"transfer",5556
1508,583,4,"transfer",6857
1509,583,49,"transfer",9027
1510,583,325,"transfer",4065
1511,583,555,"transfer",8681
1512,584,821,"transfer",1346
1513,584,13,"transfer",3184
1514,584,276,"transfer",3462
1515,584,542,"transfer",6387
1516,584,211,"transfer",5516
1517,585,856,"transfer",3571
1518,585,287,"transfer",5568
1519,585,981,"transfer",5925
1520,585,538,"transfer",8548
1521,585,640,"transfer",1829
1522,586,897,"transfer",7768
1523,586,644,"transfer",3775
1524,586,387,"transfer",4031
1525,586,154,"transfer",2578
1526,586,154,"transfer",1347
1527,587,78,"transfer",4305
1528,587,463,"transfer",9697
1529,587,403,"transfer",4392
1530,587,756,"transfer",1139
1531,587,50,"transfer",5422
1532,588,640,"transfer",4054
1533,588,850,"transfer",5672
1534,588,752,"transfer",8719
1535,588,317,"transfer",1910
1536,588,604,"transfer",3394
1537,589,248,"transfer",3151
1538,589,259,"transfer",3944
1539,589,702,"transfer",3892
1540,589,535,"transfer",6562
1541,589,228,"transfer",8227
1542,590,850,"transfer",1755
1543,590,529,"transfer",9911
1544,590,962,"transfer",1247
1545,590,109,"transfer",4995
1546,590,241,"transfer",4751
1547,591,138,"transfer",1755
1548,591,181,"transfer",9868
1549,591,889,"transfer",3732
1550,591,273,"transfer",4129
1551,591,380,"transfer",5424
1552,592,764,"transfer",1650
1553,592,980,"transfer",4386
1554,592,394,"transfer",9323
1555,592,204,"transfer",6955
1556,592,934,"transfer",7231
1557,593,920,"transfer",3852
1558,593,175,"transfer",2305
1559,593,521,"transfer",2292
1560,593,918,"transfer",7343
1561,593,881,"transfer",7389
1562,594,417,"transfer",2145
1563,594,534,"transfer",3155
1564,594,559,"transfer",5805
1565,594,793,"transfer",1438
1566,594,231,"transfer",3347
1567,595,441,"transfer",1509
1568,595,840,"transfer",8451
1569,595,835,"transfer",8556
1570,595,164,"transfer",7677
1571,595,459,"transfer",3748
1572,596,921,"transfer",4215
1573,596,595,"transfer",3433
1574,596,78,"transfer",7276
1575,596,975,"transfer",4994
1576,596,481,"transfer",6350
1577,597,330,"transfer",8712
1578,597,348,"transfer",9733
1579,597,136,"transfer",4006
1580,597,57,"transfer",8586
1581,597,166,"transfer",3799
1582,598,962,"transfer",9748
1583,598,330,"transfer",6114
1584,598,981,"transfer",2092
1585,598,306,"transfer",3677
1586,598,626,"transfer",8392
1587,599,672,"transfer",2293
1588,599,959,"transfer",1448
1589,599,670,"transfer",3377
1590,599,77,"transfer",4309
1591,599,887,"transfer",9779
1592,600,921,"transfer",7097
1593,600,559,"transfer",1727
1594,600,926,"transfer",6077
1595,600,414,"transfer",3690
1596,600,794,"transfer",6110
1597,601,225,"transfer",7754
1598,601,181,"transfer",5690
1599,601,804,"transfer",6982
1600,601,535,"transfer",6293
1601,601,73,"transfer",8886
1602,602,738,"transfer",2751
1603,602,595,"transfer",3811
1604,602,651,"transfer",7355
1605,602,814,"transfer",3978
1606,602,804,"transfer",3676
1607,603,934,"transfer",1046
1608,603,392,"transfer",8946
1609,603,728,"transfer",8905
1610,603,146,"transfer",5370
1611,603,551,"transfer",7295
1612,604,525,"transfer",2620
1613,604,183,"transfer",8268
1614,604,27,"transfer",4627
1615,604,734,"transfer",3915
1616,604,309,"transfer",1744
1617,605,696,"transfer",6912
1618,605,893,"transfer",5816
1619,605,865,"transfer",1603
1620,605,934,"transfer",8336
1621,605,536,"transfer",5517
1622,606,404,"transfer",1136
1623,606,661,"transfer",9390
1624,606,667,"transfer",5329
1625,606,913,"transfer",1072
1626,606,759,"transfer",2635
1627,607,88,"transfer",9648
1628,607,60,"transfer",9196
1629,607,440,"transfer",7793
1630,607,651,"transfer",5230
1631,607,305,"transfer",3228
1632,608,249,"transfer",3598
1633,608,502,"transfer",5750
1634,608,985,"transfer",6258
1635,608,153,"transfer",9536
1636,608,327,"transfer",2345
1637,609,644,"transfer",3681
1638,609,289,"transfer",4434
1639,609,311,"transfer",6183
1640,609,191,"transfer",2758
1641,609,40,"transfer",4925
1642,610,998,"transfer",8180
1643,610,655,"transfer",9809
1644,610,856,"transfer",2304
1645,610,258,"transfer",7427
1646,610,135,"transfer",9891
1647,611,348,"transfer",7237
1648,611,614,"transfer",4106
1649,611,672,"transfer",1701
1650,611,406,"transfer",4490
1651,611,466,"transfer",1376
1652,612,76,"transfer",4572
1653,612,218,"transfer",7946
1654,612,934,"transfer",9597
1655,612,33,"transfer",7778
1656,612,795,"transfer",7388
1657,613,280,"transfer",5140
1658,613,569,"transfer",2481
1659,613,663,"transfer",2013
1660,613,559,"transfer",9773
1661,613,620,"transfer",7641
1662,614,919,"transfer",3686
1663,614,423,"transfer",5626
1664,614,458,"transfer",4571
1665,614,944,"transfer",7111
1666,614,509,"transfer",3855
1667,615,582,"transfer",9286
1668,615,504,"transfer",7803
1669,615,584,"transfer",5495
1670,615,572,"transfer",7508
1671,615,602,"transfer",5046
1672,616,756,"transfer",4259
1673,616,801,"transfer",8126
1674,616,674,"transfer",8125
1675,616,710,"transfer",3126
1676,616,764,"transfer",6805
1677,617,867,"transfer",7578
1678,617,543,"transfer",8868
1679,617,595,"transfer",3369
1680,617,251,"transfer",6619
1681,617,779,"transfer",9468
1682,618,765,"transfer",1962
1683,618,455,"transfer",4025
1684,618,310,"transfer",1845
1685,618,642,"transfer",3363
1686,618,523,"transfer",3845
1687,619,650,"transfer",8165
1688,619,152,"transfer",2437
1689,619,324,"transfer",4093
1690,619,590,"transfer",6627
1691,619,893,"transfer",7119
1692,620,259,"transfer",6244
1694,620,610,"transfer",4786
1695,620,518,"transfer",4395
1696,620,980,"transfer",5197
1697,621,286,"transfer",7348
1698,621,857,"transfer",8366
1700,621,554,"transfer",8506
1701,621,264,"transfer",1620
1702,622,808,"transfer",5431
1703,622,482,"transfer",8291
1704,622,135,"transfer",8795
1705,622,30,"transfer",4020
1706,622,736,"transfer",1163
1707,623,85,"transfer",6820
1708,623,640,"transfer",6741
1709,623,249,"transfer",9251
1710,623,807,"transfer",6891
1711,623,227,"transfer",4242
1712,624,602,"transfer",9190
1713,624,414,"transfer",5509
1714,624,745,"transfer",5569
1715,624,49,"transfer",6302
1716,624,131,"transfer",7207
1717,625,128,"transfer",9006
1718,625,225,"transfer",1908
1719,625,900,"transfer",7393
1720,625,4,"transfer",1208
1721,625,716,"transfer",3885
1722,626,822,"transfer",4121
1723,626,744,"transfer",6597
1724,626,888,"transfer",7711
1725,626,150,"transfer",7992
1726,626,693,"transfer",1367
1727,627,920,"transfer",9793
1728,627,333,"transfer",7438
1729,627,716,"transfer",4000
1730,627,11,"transfer",2487
1731,627,856,"transfer",1686
1732,628,144,"transfer",7642
1733,628,258,"transfer",6508
1734,628,448,"transfer",2818
1735,628,805,"transfer",4295
1736,628,560,"transfer",1460
1737,629,339,"transfer",4892
1738,629,509,"transfer",4215
1739,629,330,"transfer",3828
1740,629,691,"transfer",9369
1741,629,25,"transfer",9228
1742,630,355,"transfer",2678
1743,630,299,"transfer",9164
1744,630,167,"transfer",4960
1745,630,218,"transfer",9477
1746,630,784,"transfer",6056
1747,631,565,"transfer",2273
1748,631,534,"transfer",6242
1749,631,719,"transfer",4271
1750,631,274,"transfer",7621
1751,631,387,"transfer",9230
1752,632,794,"transfer",9513
1753,632,934,"transfer",1421
1754,632,820,"transfer",7906
1755,632,249,"transfer",7109
1756,632,181,"transfer",5887
1757,633,807,"transfer",9894
1758,633,926,"transfer",9528
1759,633,289,"transfer",6465
1760,633,480,"transfer",1308
1761,633,424,"transfer",4205
1762,634,88,"transfer",6240
1763,634,207,"transfer",8934
1764,634,91,"transfer",3339
1765,634,904,"transfer",4813
1766,634,791,"transfer",5362
1767,635,380,"transfer",1893
1768,635,699,"transfer",2016
1769,635,934,"transfer",7035
1770,635,324,"transfer",9666
1771,635,740,"transfer",8207
1772,636,822,"transfer",8744
1773,636,222,"transfer",4073
1774,636,942,"transfer",1713
1775,636,218,"transfer",2939
1776,636,553,"transfer",5319
1777,637,145,"transfer",8031
1778,637,920,"transfer",1068
1779,637,920,"transfer",4256
1780,637,348,"transfer",4891
1781,637,348,"transfer",4415
1782,638,21,"transfer",6709
1783,638,921,"transfer",4448
1784,638,714,"transfer",3761
1785,638,436,"transfer",5976
1786,638,312,"transfer",6948
1787,639,650,"transfer",6115
1788,639,765,"transfer",6338
1789,639,485,"transfer",6659
1790,639,443,"transfer",3550
1791,639,664,"transfer",8007
1792,640,738,"transfer",4992
1793,640,286,"transfer",2909
1794,640,282,"transfer",7063
1795,640,4,"transfer",6623
1796,640,920,"transfer",2775
1797,641,707,"transfer",6286
1798,641,719,"transfer",7410
1799,641,746,"transfer",5025
1800,641,484,"transfer",6800
1801,641,460,"transfer",5283
1802,642,299,"transfer",5844
1803,642,693,"transfer",4747
1804,642,282,"transfer",3392
1805,642,903,"transfer",3080
1806,642,347,"transfer",6628
1807,643,305,"transfer",7378
1808,643,35,"transfer",3401
1809,643,934,"transfer",9145
1810,643,380,"transfer",6439
1811,643,851,"transfer",8776
1812,644,968,"transfer",4991
1813,644,681,"transfer",8765
1814,644,383,"transfer",5180
1815,644,261,"transfer",7373
1816,644,430,"transfer",3688
1817,645,971,"transfer",1786
1818,645,799,"transfer",1729
1819,645,681,"transfer",2719
1820,645,53,"transfer",3551
1821,645,53,"transfer",8058
1822,646,190,"transfer",4047
1823,646,139,"transfer",2718
1824,646,397,"transfer",4510
1825,646,975,"transfer",8372
1826,646,348,"transfer",5813
1827,647,49,"transfer",1135
1828,647,155,"transfer",6490
1829,647,418,"transfer",8353
1830,647,482,"transfer",6364
1831,647,201,"transfer",1271
1832,648,458,"transfer",8427
1833,648,554,"transfer",4276
1834,648,230,"transfer",9920
1835,648,407,"transfer",7509
1836,648,795,"transfer",8369
1837,649,602,"transfer",7709
1838,649,551,"transfer",9760
1839,649,83,"transfer",7825
1840,649,386,"transfer",7563
1841,649,643,"transfer",9300
1842,650,558,"transfer",4515
1843,650,893,"transfer",8234
1844,650,616,"transfer",9638
1845,650,909,"transfer",1683
1846,650,66,"transfer",1846
1847,651,933,"transfer",8274
1848,651,13,"transfer",6389
1849,651,944,"transfer",8859
1850,651,272,"transfer",3389
1851,651,824,"transfer",2899
1852,652,379,"transfer",5895
1853,652,962,"transfer",8957
1854,652,823,"transfer",9384
1855,652,276,"transfer",6462
1856,652,642,"transfer",2663
1857,653,480,"transfer",3425
1858,653,541,"transfer",6815
1859,653,642,"transfer",6812
1860,653,897,"transfer",5064
1861,653,50,"transfer",9667
1862,654,601,"transfer",5326
1863,654,387,"transfer",4382
1864,654,410,"transfer",6705
1865,654,720,"transfer",8171
1866,654,181,"transfer",8478
1867,655,976,"transfer",8983
1868,655,589,"transfer",4301
1869,655,870,"transfer",4500
1870,655,759,"transfer",3707
1871,655,865,"transfer",3132
1872,656,720,"transfer",9325
1873,656,241,"transfer",6325
1874,656,74,"transfer",2171
1875,656,428,"transfer",1705
1876,656,171,"transfer",2506
1877,657,579,"transfer",9679
1878,657,870,"transfer",8957
1879,657,269,"transfer",4006
1880,657,716,"transfer",4617
1881,657,549,"transfer",1446
1882,658,152,"transfer",1135
1883,658,374,"transfer",5661
1884,658,155,"transfer",2334
1885,658,624,"transfer",5161
1886,658,955,"transfer",8965
1887,659,857,"transfer",7157
1888,659,817,"transfer",4228
1889,659,286,"transfer",1404
1890,659,548,"transfer",4609
1891,659,746,"transfer",5376
1892,660,613,"transfer",4270
1893,660,942,"transfer",4477
1894,660,78,"transfer",2430
1895,660,340,"transfer",6461
1896,660,461,"transfer",4324
1897,661,744,"transfer",5790
1898,661,294,"transfer",3995
1899,661,934,"transfer",4113
1900,661,350,"transfer",2105
1901,661,730,"transfer",1442
1902,662,499,"transfer",4826
1903,662,4,"transfer",7602
1904,662,118,"transfer",8930
1905,662,560,"transfer",9843
1906,662,153,"transfer",2751
1907,663,892,"transfer",3143
1908,663,974,"transfer",4319
1909,663,741,"transfer",2522
1910,663,693,"transfer",1168
1911,663,66,"transfer",7127
1912,664,804,"transfer",9673
1913,664,19,"transfer",5077
1914,664,481,"transfer",1674
1915,664,331,"transfer",3758
1916,664,490,"transfer",4166
1917,665,749,"transfer",2824
1918,665,892,"transfer",7749
1919,665,352,"transfer",3396
1920,665,403,"transfer",4559
1921,665,453,"transfer",4052
1922,666,448,"transfer",6856
1923,666,218,"transfer",7855
1924,666,281,"transfer",6660
1925,666,879,"transfer",6184
1926,666,223,"transfer",7891
1927,667,734,"transfer",4944
1928,667,981,"transfer",5159
1929,667,678,"transfer",1926
1930,667,71,"transfer",9760
1931,667,168,"transfer",1240
1932,668,836,"transfer",5535
1933,668,223,"transfer",7948
1934,668,525,"transfer",1332
1935,668,979,"transfer",4876
1936,668,441,"transfer",7009
1937,669,232,"transfer",8703
1938,669,352,"transfer",2806
1939,669,893,"transfer",2395
1940,669,584,"transfer",7990
1941,669,878,"transfer",3844
1942,670,218,"transfer",6235
1943,670,772,"transfer",9496
1944,670,811,"transfer",4239
1945,670,155,"transfer",6064
1946,670,150,"transfer",7913
1947,671,796,"transfer",3063
1948,671,891,"transfer",3471
1949,671,738,"transfer",3595
1950,671,699,"transfer",6824
1951,671,949,"transfer",3538
1952,672,181,"transfer",6912
1953,672,281,"transfer",5950
1954,672,713,"transfer",8585
1955,672,428,"transfer",1814
1956,672,565,"transfer",1805
1957,673,8,"transfer",5032
1958,673,222,"transfer",2430
1959,673,537,"transfer",4747
1960,673,95,"transfer",6086
1961,673,690,"transfer",8910
1962,674,406,"transfer",5083
1963,674,208,"transfer",7790
1964,674,91,"transfer",9668
1965,674,919,"transfer",3850
1966,674,311,"transfer",6953
1967,675,146,"transfer",4742
1968,675,697,"transfer",8930
1969,675,80,"transfer",9693
1970,675,662,"transfer",5490
1971,675,581,"transfer",8506
1973,676,259,"transfer",6454
1974,676,634,"transfer",8627
1975,676,378,"transfer",8702
1976,676,972,"transfer",8936
1977,677,643,"transfer",1030
1979,677,576,"transfer",3388
1980,677,782,"transfer",5364
1981,677,60,"transfer",4852
1982,678,135,"transfer",3585
1983,678,840,"transfer",3537
1984,678,795,"transfer",8345
1985,678,259,"transfer",3740
1986,678,265,"transfer",7980
1987,679,436,"transfer",7841
1988,679,81,"transfer",3781
1989,679,955,"transfer",7161
1990,679,479,"transfer",4931
1991,679,45,"transfer",8117
1992,680,384,"transfer",5774
1993,680,397,"transfer",5043
1994,680,137,"transfer",7111
1995,680,801,"transfer",4580
1996,680,939,"transfer",4608
1997,681,205,"transfer",9237
1998,681,443,"transfer",9441
1999,681,478,"transfer",9534
2000,681,13,"transfer",4249
2001,681,975,"transfer",5949
2002,682,583,"transfer",6785
2003,682,934,"transfer",2632
2004,682,10,"transfer",8669
2005,682,448,"transfer",9248
2006,682,286,"transfer",6383
2007,683,981,"transfer",3820
2008,683,109,"transfer",2720
2009,683,10,"transfer",4609
2010,683,634,"transfer",1569
2011,683,579,"transfer",5796
2012,684,872,"transfer",6330
2013,684,399,"transfer",9603
2014,684,477,"transfer",4904
5001,957,418,"transfer",8808
534,278,294,"transfer2",5442
